origen,destino,conteo paquetes
Arabellapark,Bohmerwaldplatz,455
Arabellapark,Donnersbergerbrucke,522
Arabellapark,Feldmoching,458
Arabellapark,Frankfurter Ring,497
Arabellapark,Freimann,500
Arabellapark,Frottmaning,490
Arabellapark,Furstenried West,479
Arabellapark,Giesing,490
Arabellapark,Harras,498
Arabellapark,Harthof,497
Arabellapark,Hauptbahnhof,411
Arabellapark,Heimeranplatz,461
Arabellapark,Hohenzollernplatz,480
Arabellapark,Holzapfelkreuth,499
Arabellapark,Implerstrasse,435
Arabellapark,Innsbrucker Ring,443
Arabellapark,Isartor,517
Arabellapark,Josephsburg,524
Arabellapark,Karlsplatz,497
Arabellapark,Klinikum Grosshadern,399
Arabellapark,Kolumbusplatz,448
Arabellapark,Laim,441
Arabellapark,Laimer Platz,486
Arabellapark,Mangfallplatz,477
Arabellapark,Max-Weber-Platz,468
Arabellapark,Messestadt Ost,494
Arabellapark,Milbertshofen,447
Arabellapark,Moosach,453
Arabellapark,Munchner Freiheit,403
Arabellapark,Neuperlach Sud,478
Arabellapark,Neuperlach Zentrum,503
Arabellapark,Nordfriedhof,553
Arabellapark,Obermenzing,541
Arabellapark,Obersendling,467
Arabellapark,Olympia Einkaufszentrum,522
Arabellapark,Olympiazentrum,466
Arabellapark,Ostbahnhof,448
Arabellapark,Pasing,497
Arabellapark,Perlach,473
Arabellapark,Rotkreuzplatz,453
Arabellapark,Scheidplatz,519
Arabellapark,Sendlinger Tor,469
Arabellapark,Studentenstadt,503
Arabellapark,Thalkirchen,444
Arabellapark,Theresienstrasse,450
Arabellapark,Trudering,442
Arabellapark,Universitat,444
Arabellapark,Westfriedhof,454
Arabellapark,Westpark,403
Bohmerwaldplatz,Arabellapark,363
Bohmerwaldplatz,Donnersbergerbrucke,457
Bohmerwaldplatz,Feldmoching,407
Bohmerwaldplatz,Frankfurter Ring,464
Bohmerwaldplatz,Freimann,479
Bohmerwaldplatz,Frottmaning,442
Bohmerwaldplatz,Furstenried West,478
Bohmerwaldplatz,Giesing,471
Bohmerwaldplatz,Harras,502
Bohmerwaldplatz,Harthof,501
Bohmerwaldplatz,Hauptbahnhof,415
Bohmerwaldplatz,Heimeranplatz,421
Bohmerwaldplatz,Hohenzollernplatz,477
Bohmerwaldplatz,Holzapfelkreuth,455
Bohmerwaldplatz,Implerstrasse,443
Bohmerwaldplatz,Innsbrucker Ring,406
Bohmerwaldplatz,Isartor,463
Bohmerwaldplatz,Josephsburg,496
Bohmerwaldplatz,Karlsplatz,464
Bohmerwaldplatz,Klinikum Grosshadern,397
Bohmerwaldplatz,Kolumbusplatz,432
Bohmerwaldplatz,Laim,472
Bohmerwaldplatz,Laimer Platz,490
Bohmerwaldplatz,Mangfallplatz,475
Bohmerwaldplatz,Max-Weber-Platz,442
Bohmerwaldplatz,Messestadt Ost,445
Bohmerwaldplatz,Milbertshofen,410
Bohmerwaldplatz,Moosach,420
Bohmerwaldplatz,Munchner Freiheit,422
Bohmerwaldplatz,Neuperlach Sud,424
Bohmerwaldplatz,Neuperlach Zentrum,522
Bohmerwaldplatz,Nordfriedhof,502
Bohmerwaldplatz,Obermenzing,435
Bohmerwaldplatz,Obersendling,441
Bohmerwaldplatz,Olympia Einkaufszentrum,461
Bohmerwaldplatz,Olympiazentrum,416
Bohmerwaldplatz,Ostbahnhof,414
Bohmerwaldplatz,Pasing,488
Bohmerwaldplatz,Perlach,477
Bohmerwaldplatz,Rotkreuzplatz,415
Bohmerwaldplatz,Scheidplatz,501
Bohmerwaldplatz,Sendlinger Tor,485
Bohmerwaldplatz,Studentenstadt,473
Bohmerwaldplatz,Thalkirchen,413
Bohmerwaldplatz,Theresienstrasse,422
Bohmerwaldplatz,Trudering,501
Bohmerwaldplatz,Universitat,454
Bohmerwaldplatz,Westfriedhof,421
Bohmerwaldplatz,Westpark,424
Donnersbergerbrucke,Arabellapark,367
Donnersbergerbrucke,Bohmerwaldplatz,494
Donnersbergerbrucke,Feldmoching,412
Donnersbergerbrucke,Frankfurter Ring,421
Donnersbergerbrucke,Freimann,488
Donnersbergerbrucke,Frottmaning,457
Donnersbergerbrucke,Furstenried West,475
Donnersbergerbrucke,Giesing,509
Donnersbergerbrucke,Harras,500
Donnersbergerbrucke,Harthof,500
Donnersbergerbrucke,Hauptbahnhof,406
Donnersbergerbrucke,Heimeranplatz,413
Donnersbergerbrucke,Hohenzollernplatz,461
Donnersbergerbrucke,Holzapfelkreuth,466
Donnersbergerbrucke,Implerstrasse,453
Donnersbergerbrucke,Innsbrucker Ring,400
Donnersbergerbrucke,Isartor,412
Donnersbergerbrucke,Josephsburg,476
Donnersbergerbrucke,Karlsplatz,478
Donnersbergerbrucke,Klinikum Grosshadern,420
Donnersbergerbrucke,Kolumbusplatz,424
Donnersbergerbrucke,Laim,458
Donnersbergerbrucke,Laimer Platz,508
Donnersbergerbrucke,Mangfallplatz,472
Donnersbergerbrucke,Max-Weber-Platz,474
Donnersbergerbrucke,Messestadt Ost,420
Donnersbergerbrucke,Milbertshofen,428
Donnersbergerbrucke,Moosach,435
Donnersbergerbrucke,Munchner Freiheit,435
Donnersbergerbrucke,Neuperlach Sud,435
Donnersbergerbrucke,Neuperlach Zentrum,463
Donnersbergerbrucke,Nordfriedhof,495
Donnersbergerbrucke,Obermenzing,485
Donnersbergerbrucke,Obersendling,413
Donnersbergerbrucke,Olympia Einkaufszentrum,478
Donnersbergerbrucke,Olympiazentrum,440
Donnersbergerbrucke,Ostbahnhof,450
Donnersbergerbrucke,Pasing,470
Donnersbergerbrucke,Perlach,435
Donnersbergerbrucke,Rotkreuzplatz,460
Donnersbergerbrucke,Scheidplatz,521
Donnersbergerbrucke,Sendlinger Tor,477
Donnersbergerbrucke,Studentenstadt,437
Donnersbergerbrucke,Thalkirchen,420
Donnersbergerbrucke,Theresienstrasse,432
Donnersbergerbrucke,Trudering,473
Donnersbergerbrucke,Universitat,416
Donnersbergerbrucke,Westfriedhof,432
Donnersbergerbrucke,Westpark,410
Feldmoching,Arabellapark,438
Feldmoching,Bohmerwaldplatz,503
Feldmoching,Donnersbergerbrucke,534
Feldmoching,Frankfurter Ring,510
Feldmoching,Freimann,532
Feldmoching,Frottmaning,491
Feldmoching,Furstenried West,482
Feldmoching,Giesing,489
Feldmoching,Harras,520
Feldmoching,Harthof,526
Feldmoching,Hauptbahnhof,455
Feldmoching,Heimeranplatz,488
Feldmoching,Hohenzollernplatz,511
Feldmoching,Holzapfelkreuth,497
Feldmoching,Implerstrasse,442
Feldmoching,Innsbrucker Ring,431
Feldmoching,Isartor,500
Feldmoching,Josephsburg,536
Feldmoching,Karlsplatz,489
Feldmoching,Klinikum Grosshadern,427
Feldmoching,Kolumbusplatz,446
Feldmoching,Laim,439
Feldmoching,Laimer Platz,472
Feldmoching,Mangfallplatz,525
Feldmoching,Max-Weber-Platz,486
Feldmoching,Messestadt Ost,527
Feldmoching,Milbertshofen,459
Feldmoching,Moosach,470
Feldmoching,Munchner Freiheit,429
Feldmoching,Neuperlach Sud,485
Feldmoching,Neuperlach Zentrum,490
Feldmoching,Nordfriedhof,508
Feldmoching,Obermenzing,505
Feldmoching,Obersendling,518
Feldmoching,Olympia Einkaufszentrum,476
Feldmoching,Olympiazentrum,461
Feldmoching,Ostbahnhof,440
Feldmoching,Pasing,509
Feldmoching,Perlach,509
Feldmoching,Rotkreuzplatz,463
Feldmoching,Scheidplatz,525
Feldmoching,Sendlinger Tor,477
Feldmoching,Studentenstadt,498
Feldmoching,Thalkirchen,449
Feldmoching,Theresienstrasse,488
Feldmoching,Trudering,498
Feldmoching,Universitat,504
Feldmoching,Westfriedhof,470
Feldmoching,Westpark,472
Frankfurter Ring,Arabellapark,413
Frankfurter Ring,Bohmerwaldplatz,449
Frankfurter Ring,Donnersbergerbrucke,480
Frankfurter Ring,Feldmoching,398
Frankfurter Ring,Freimann,498
Frankfurter Ring,Frottmaning,493
Frankfurter Ring,Furstenried West,514
Frankfurter Ring,Giesing,481
Frankfurter Ring,Harras,510
Frankfurter Ring,Harthof,503
Frankfurter Ring,Hauptbahnhof,456
Frankfurter Ring,Heimeranplatz,434
Frankfurter Ring,Hohenzollernplatz,470
Frankfurter Ring,Holzapfelkreuth,468
Frankfurter Ring,Implerstrasse,409
Frankfurter Ring,Innsbrucker Ring,446
Frankfurter Ring,Isartor,470
Frankfurter Ring,Josephsburg,498
Frankfurter Ring,Karlsplatz,456
Frankfurter Ring,Klinikum Grosshadern,440
Frankfurter Ring,Kolumbusplatz,417
Frankfurter Ring,Laim,452
Frankfurter Ring,Laimer Platz,467
Frankfurter Ring,Mangfallplatz,473
Frankfurter Ring,Max-Weber-Platz,460
Frankfurter Ring,Messestadt Ost,497
Frankfurter Ring,Milbertshofen,423
Frankfurter Ring,Moosach,433
Frankfurter Ring,Munchner Freiheit,418
Frankfurter Ring,Neuperlach Sud,471
Frankfurter Ring,Neuperlach Zentrum,457
Frankfurter Ring,Nordfriedhof,508
Frankfurter Ring,Obermenzing,491
Frankfurter Ring,Obersendling,458
Frankfurter Ring,Olympia Einkaufszentrum,462
Frankfurter Ring,Olympiazentrum,461
Frankfurter Ring,Ostbahnhof,395
Frankfurter Ring,Pasing,408
Frankfurter Ring,Perlach,498
Frankfurter Ring,Rotkreuzplatz,481
Frankfurter Ring,Scheidplatz,478
Frankfurter Ring,Sendlinger Tor,473
Frankfurter Ring,Studentenstadt,457
Frankfurter Ring,Thalkirchen,418
Frankfurter Ring,Theresienstrasse,461
Frankfurter Ring,Trudering,510
Frankfurter Ring,Universitat,450
Frankfurter Ring,Westfriedhof,443
Frankfurter Ring,Westpark,429
Freimann,Arabellapark,442
Freimann,Bohmerwaldplatz,475
Freimann,Donnersbergerbrucke,473
Freimann,Feldmoching,441
Freimann,Frankfurter Ring,426
Freimann,Frottmaning,461
Freimann,Furstenried West,466
Freimann,Giesing,481
Freimann,Harras,531
Freimann,Harthof,531
Freimann,Hauptbahnhof,391
Freimann,Heimeranplatz,426
Freimann,Hohenzollernplatz,465
Freimann,Holzapfelkreuth,469
Freimann,Implerstrasse,443
Freimann,Innsbrucker Ring,448
Freimann,Isartor,465
Freimann,Josephsburg,553
Freimann,Karlsplatz,455
Freimann,Klinikum Grosshadern,422
Freimann,Kolumbusplatz,456
Freimann,Laim,444
Freimann,Laimer Platz,546
Freimann,Mangfallplatz,476
Freimann,Max-Weber-Platz,497
Freimann,Messestadt Ost,482
Freimann,Milbertshofen,461
Freimann,Moosach,477
Freimann,Munchner Freiheit,416
Freimann,Neuperlach Sud,447
Freimann,Neuperlach Zentrum,490
Freimann,Nordfriedhof,484
Freimann,Obermenzing,502
Freimann,Obersendling,476
Freimann,Olympia Einkaufszentrum,482
Freimann,Olympiazentrum,457
Freimann,Ostbahnhof,428
Freimann,Pasing,462
Freimann,Perlach,509
Freimann,Rotkreuzplatz,450
Freimann,Scheidplatz,501
Freimann,Sendlinger Tor,496
Freimann,Studentenstadt,464
Freimann,Thalkirchen,448
Freimann,Theresienstrasse,432
Freimann,Trudering,483
Freimann,Universitat,441
Freimann,Westfriedhof,475
Freimann,Westpark,425
Frottmaning,Arabellapark,464
Frottmaning,Bohmerwaldplatz,515
Frottmaning,Donnersbergerbrucke,595
Frottmaning,Feldmoching,471
Frottmaning,Frankfurter Ring,520
Frottmaning,Freimann,547
Frottmaning,Furstenried West,474
Frottmaning,Giesing,535
Frottmaning,Harras,600
Frottmaning,Harthof,587
Frottmaning,Hauptbahnhof,474
Frottmaning,Heimeranplatz,496
Frottmaning,Hohenzollernplatz,499
Frottmaning,Holzapfelkreuth,557
Frottmaning,Implerstrasse,516
Frottmaning,Innsbrucker Ring,517
Frottmaning,Isartor,560
Frottmaning,Josephsburg,553
Frottmaning,Karlsplatz,509
Frottmaning,Klinikum Grosshadern,470
Frottmaning,Kolumbusplatz,463
Frottmaning,Laim,499
Frottmaning,Laimer Platz,550
Frottmaning,Mangfallplatz,524
Frottmaning,Max-Weber-Platz,548
Frottmaning,Messestadt Ost,515
Frottmaning,Milbertshofen,489
Frottmaning,Moosach,511
Frottmaning,Munchner Freiheit,477
Frottmaning,Neuperlach Sud,508
Frottmaning,Neuperlach Zentrum,536
Frottmaning,Nordfriedhof,603
Frottmaning,Obermenzing,551
Frottmaning,Obersendling,492
Frottmaning,Olympia Einkaufszentrum,516
Frottmaning,Olympiazentrum,487
Frottmaning,Ostbahnhof,502
Frottmaning,Pasing,531
Frottmaning,Perlach,526
Frottmaning,Rotkreuzplatz,481
Frottmaning,Scheidplatz,568
Frottmaning,Sendlinger Tor,500
Frottmaning,Studentenstadt,493
Frottmaning,Thalkirchen,484
Frottmaning,Theresienstrasse,461
Frottmaning,Trudering,504
Frottmaning,Universitat,479
Frottmaning,Westfriedhof,543
Frottmaning,Westpark,474
Furstenried West,Arabellapark,441
Furstenried West,Bohmerwaldplatz,457
Furstenried West,Donnersbergerbrucke,530
Furstenried West,Feldmoching,451
Furstenried West,Frankfurter Ring,488
Furstenried West,Freimann,540
Furstenried West,Frottmaning,560
Furstenried West,Giesing,495
Furstenried West,Harras,555
Furstenried West,Harthof,533
Furstenried West,Hauptbahnhof,440
Furstenried West,Heimeranplatz,436
Furstenried West,Hohenzollernplatz,491
Furstenried West,Holzapfelkreuth,520
Furstenried West,Implerstrasse,456
Furstenried West,Innsbrucker Ring,460
Furstenried West,Isartor,515
Furstenried West,Josephsburg,548
Furstenried West,Karlsplatz,488
Furstenried West,Klinikum Grosshadern,456
Furstenried West,Kolumbusplatz,479
Furstenried West,Laim,486
Furstenried West,Laimer Platz,548
Furstenried West,Mangfallplatz,518
Furstenried West,Max-Weber-Platz,530
Furstenried West,Messestadt Ost,483
Furstenried West,Milbertshofen,438
Furstenried West,Moosach,503
Furstenried West,Munchner Freiheit,418
Furstenried West,Neuperlach Sud,475
Furstenried West,Neuperlach Zentrum,491
Furstenried West,Nordfriedhof,545
Furstenried West,Obermenzing,534
Furstenried West,Obersendling,513
Furstenried West,Olympia Einkaufszentrum,467
Furstenried West,Olympiazentrum,483
Furstenried West,Ostbahnhof,462
Furstenried West,Pasing,527
Furstenried West,Perlach,478
Furstenried West,Rotkreuzplatz,488
Furstenried West,Scheidplatz,536
Furstenried West,Sendlinger Tor,487
Furstenried West,Studentenstadt,526
Furstenried West,Thalkirchen,456
Furstenried West,Theresienstrasse,465
Furstenried West,Trudering,510
Furstenried West,Universitat,433
Furstenried West,Westfriedhof,507
Furstenried West,Westpark,462
Giesing,Arabellapark,393
Giesing,Bohmerwaldplatz,482
Giesing,Donnersbergerbrucke,494
Giesing,Feldmoching,455
Giesing,Frankfurter Ring,440
Giesing,Freimann,521
Giesing,Frottmaning,487
Giesing,Furstenried West,461
Giesing,Harras,520
Giesing,Harthof,483
Giesing,Hauptbahnhof,441
Giesing,Heimeranplatz,439
Giesing,Hohenzollernplatz,459
Giesing,Holzapfelkreuth,453
Giesing,Implerstrasse,423
Giesing,Innsbrucker Ring,435
Giesing,Isartor,446
Giesing,Josephsburg,540
Giesing,Karlsplatz,449
Giesing,Klinikum Grosshadern,397
Giesing,Kolumbusplatz,439
Giesing,Laim,453
Giesing,Laimer Platz,519
Giesing,Mangfallplatz,455
Giesing,Max-Weber-Platz,446
Giesing,Messestadt Ost,440
Giesing,Milbertshofen,411
Giesing,Moosach,422
Giesing,Munchner Freiheit,400
Giesing,Neuperlach Sud,437
Giesing,Neuperlach Zentrum,481
Giesing,Nordfriedhof,487
Giesing,Obermenzing,495
Giesing,Obersendling,427
Giesing,Olympia Einkaufszentrum,499
Giesing,Olympiazentrum,477
Giesing,Ostbahnhof,417
Giesing,Pasing,455
Giesing,Perlach,433
Giesing,Rotkreuzplatz,428
Giesing,Scheidplatz,512
Giesing,Sendlinger Tor,494
Giesing,Studentenstadt,446
Giesing,Thalkirchen,452
Giesing,Theresienstrasse,461
Giesing,Trudering,460
Giesing,Universitat,423
Giesing,Westfriedhof,478
Giesing,Westpark,441
Harras,Arabellapark,447
Harras,Bohmerwaldplatz,470
Harras,Donnersbergerbrucke,475
Harras,Feldmoching,421
Harras,Frankfurter Ring,437
Harras,Freimann,454
Harras,Frottmaning,472
Harras,Furstenried West,427
Harras,Giesing,502
Harras,Harthof,513
Harras,Hauptbahnhof,431
Harras,Heimeranplatz,443
Harras,Hohenzollernplatz,445
Harras,Holzapfelkreuth,448
Harras,Implerstrasse,446
Harras,Innsbrucker Ring,426
Harras,Isartor,468
Harras,Josephsburg,489
Harras,Karlsplatz,431
Harras,Klinikum Grosshadern,404
Harras,Kolumbusplatz,437
Harras,Laim,474
Harras,Laimer Platz,456
Harras,Mangfallplatz,527
Harras,Max-Weber-Platz,491
Harras,Messestadt Ost,467
Harras,Milbertshofen,416
Harras,Moosach,435
Harras,Munchner Freiheit,434
Harras,Neuperlach Sud,407
Harras,Neuperlach Zentrum,485
Harras,Nordfriedhof,535
Harras,Obermenzing,491
Harras,Obersendling,428
Harras,Olympia Einkaufszentrum,437
Harras,Olympiazentrum,417
Harras,Ostbahnhof,423
Harras,Pasing,468
Harras,Perlach,473
Harras,Rotkreuzplatz,424
Harras,Scheidplatz,499
Harras,Sendlinger Tor,478
Harras,Studentenstadt,481
Harras,Thalkirchen,416
Harras,Theresienstrasse,450
Harras,Trudering,527
Harras,Universitat,414
Harras,Westfriedhof,474
Harras,Westpark,444
Harthof,Arabellapark,457
Harthof,Bohmerwaldplatz,432
Harthof,Donnersbergerbrucke,475
Harthof,Feldmoching,424
Harthof,Frankfurter Ring,414
Harthof,Freimann,526
Harthof,Frottmaning,447
Harthof,Furstenried West,436
Harthof,Giesing,417
Harthof,Harras,499
Harthof,Hauptbahnhof,440
Harthof,Heimeranplatz,447
Harthof,Hohenzollernplatz,440
Harthof,Holzapfelkreuth,468
Harthof,Implerstrasse,438
Harthof,Innsbrucker Ring,410
Harthof,Isartor,481
Harthof,Josephsburg,470
Harthof,Karlsplatz,451
Harthof,Klinikum Grosshadern,438
Harthof,Kolumbusplatz,420
Harthof,Laim,473
Harthof,Laimer Platz,454
Harthof,Mangfallplatz,484
Harthof,Max-Weber-Platz,437
Harthof,Messestadt Ost,450
Harthof,Milbertshofen,405
Harthof,Moosach,419
Harthof,Munchner Freiheit,398
Harthof,Neuperlach Sud,446
Harthof,Neuperlach Zentrum,486
Harthof,Nordfriedhof,473
Harthof,Obermenzing,502
Harthof,Obersendling,421
Harthof,Olympia Einkaufszentrum,499
Harthof,Olympiazentrum,450
Harthof,Ostbahnhof,412
Harthof,Pasing,451
Harthof,Perlach,469
Harthof,Rotkreuzplatz,478
Harthof,Scheidplatz,493
Harthof,Sendlinger Tor,481
Harthof,Studentenstadt,497
Harthof,Thalkirchen,417
Harthof,Theresienstrasse,449
Harthof,Trudering,434
Harthof,Universitat,423
Harthof,Westfriedhof,444
Harthof,Westpark,372
Hauptbahnhof,Arabellapark,427
Hauptbahnhof,Bohmerwaldplatz,477
Hauptbahnhof,Donnersbergerbrucke,529
Hauptbahnhof,Feldmoching,436
Hauptbahnhof,Frankfurter Ring,492
Hauptbahnhof,Freimann,559
Hauptbahnhof,Frottmaning,503
Hauptbahnhof,Furstenried West,535
Hauptbahnhof,Giesing,516
Hauptbahnhof,Harras,582
Hauptbahnhof,Harthof,572
Hauptbahnhof,Heimeranplatz,483
Hauptbahnhof,Hohenzollernplatz,511
Hauptbahnhof,Holzapfelkreuth,514
Hauptbahnhof,Implerstrasse,494
Hauptbahnhof,Innsbrucker Ring,447
Hauptbahnhof,Isartor,519
Hauptbahnhof,Josephsburg,540
Hauptbahnhof,Karlsplatz,482
Hauptbahnhof,Klinikum Grosshadern,466
Hauptbahnhof,Kolumbusplatz,486
Hauptbahnhof,Laim,493
Hauptbahnhof,Laimer Platz,492
Hauptbahnhof,Mangfallplatz,557
Hauptbahnhof,Max-Weber-Platz,511
Hauptbahnhof,Messestadt Ost,495
Hauptbahnhof,Milbertshofen,424
Hauptbahnhof,Moosach,504
Hauptbahnhof,Munchner Freiheit,436
Hauptbahnhof,Neuperlach Sud,493
Hauptbahnhof,Neuperlach Zentrum,517
Hauptbahnhof,Nordfriedhof,535
Hauptbahnhof,Obermenzing,574
Hauptbahnhof,Obersendling,500
Hauptbahnhof,Olympia Einkaufszentrum,506
Hauptbahnhof,Olympiazentrum,467
Hauptbahnhof,Ostbahnhof,444
Hauptbahnhof,Pasing,513
Hauptbahnhof,Perlach,503
Hauptbahnhof,Rotkreuzplatz,484
Hauptbahnhof,Scheidplatz,544
Hauptbahnhof,Sendlinger Tor,533
Hauptbahnhof,Studentenstadt,494
Hauptbahnhof,Thalkirchen,449
Hauptbahnhof,Theresienstrasse,500
Hauptbahnhof,Trudering,472
Hauptbahnhof,Universitat,506
Hauptbahnhof,Westfriedhof,471
Hauptbahnhof,Westpark,466
Heimeranplatz,Arabellapark,470
Heimeranplatz,Bohmerwaldplatz,518
Heimeranplatz,Donnersbergerbrucke,572
Heimeranplatz,Feldmoching,477
Heimeranplatz,Frankfurter Ring,521
Heimeranplatz,Freimann,509
Heimeranplatz,Frottmaning,514
Heimeranplatz,Furstenried West,513
Heimeranplatz,Giesing,489
Heimeranplatz,Harras,573
Heimeranplatz,Harthof,543
Heimeranplatz,Hauptbahnhof,453
Heimeranplatz,Hohenzollernplatz,517
Heimeranplatz,Holzapfelkreuth,517
Heimeranplatz,Implerstrasse,447
Heimeranplatz,Innsbrucker Ring,517
Heimeranplatz,Isartor,482
Heimeranplatz,Josephsburg,593
Heimeranplatz,Karlsplatz,520
Heimeranplatz,Klinikum Grosshadern,504
Heimeranplatz,Kolumbusplatz,466
Heimeranplatz,Laim,501
Heimeranplatz,Laimer Platz,504
Heimeranplatz,Mangfallplatz,557
Heimeranplatz,Max-Weber-Platz,569
Heimeranplatz,Messestadt Ost,518
Heimeranplatz,Milbertshofen,499
Heimeranplatz,Moosach,509
Heimeranplatz,Munchner Freiheit,462
Heimeranplatz,Neuperlach Sud,515
Heimeranplatz,Neuperlach Zentrum,501
Heimeranplatz,Nordfriedhof,509
Heimeranplatz,Obermenzing,541
Heimeranplatz,Obersendling,475
Heimeranplatz,Olympia Einkaufszentrum,517
Heimeranplatz,Olympiazentrum,519
Heimeranplatz,Ostbahnhof,485
Heimeranplatz,Pasing,530
Heimeranplatz,Perlach,524
Heimeranplatz,Rotkreuzplatz,504
Heimeranplatz,Scheidplatz,551
Heimeranplatz,Sendlinger Tor,514
Heimeranplatz,Studentenstadt,490
Heimeranplatz,Thalkirchen,468
Heimeranplatz,Theresienstrasse,500
Heimeranplatz,Trudering,465
Heimeranplatz,Universitat,452
Heimeranplatz,Westfriedhof,513
Heimeranplatz,Westpark,444
Hohenzollernplatz,Arabellapark,432
Hohenzollernplatz,Bohmerwaldplatz,469
Hohenzollernplatz,Donnersbergerbrucke,498
Hohenzollernplatz,Feldmoching,419
Hohenzollernplatz,Frankfurter Ring,406
Hohenzollernplatz,Freimann,474
Hohenzollernplatz,Frottmaning,485
Hohenzollernplatz,Furstenried West,481
Hohenzollernplatz,Giesing,478
Hohenzollernplatz,Harras,469
Hohenzollernplatz,Harthof,519
Hohenzollernplatz,Hauptbahnhof,411
Hohenzollernplatz,Heimeranplatz,464
Hohenzollernplatz,Holzapfelkreuth,471
Hohenzollernplatz,Implerstrasse,448
Hohenzollernplatz,Innsbrucker Ring,469
Hohenzollernplatz,Isartor,504
Hohenzollernplatz,Josephsburg,474
Hohenzollernplatz,Karlsplatz,442
Hohenzollernplatz,Klinikum Grosshadern,475
Hohenzollernplatz,Kolumbusplatz,451
Hohenzollernplatz,Laim,444
Hohenzollernplatz,Laimer Platz,475
Hohenzollernplatz,Mangfallplatz,479
Hohenzollernplatz,Max-Weber-Platz,439
Hohenzollernplatz,Messestadt Ost,491
Hohenzollernplatz,Milbertshofen,433
Hohenzollernplatz,Moosach,494
Hohenzollernplatz,Munchner Freiheit,465
Hohenzollernplatz,Neuperlach Sud,430
Hohenzollernplatz,Neuperlach Zentrum,518
Hohenzollernplatz,Nordfriedhof,493
Hohenzollernplatz,Obermenzing,492
Hohenzollernplatz,Obersendling,477
Hohenzollernplatz,Olympia Einkaufszentrum,487
Hohenzollernplatz,Olympiazentrum,467
Hohenzollernplatz,Ostbahnhof,442
Hohenzollernplatz,Pasing,472
Hohenzollernplatz,Perlach,487
Hohenzollernplatz,Rotkreuzplatz,446
Hohenzollernplatz,Scheidplatz,539
Hohenzollernplatz,Sendlinger Tor,456
Hohenzollernplatz,Studentenstadt,503
Hohenzollernplatz,Thalkirchen,431
Hohenzollernplatz,Theresienstrasse,467
Hohenzollernplatz,Trudering,491
Hohenzollernplatz,Universitat,437
Hohenzollernplatz,Westfriedhof,438
Hohenzollernplatz,Westpark,395
Holzapfelkreuth,Arabellapark,472
Holzapfelkreuth,Bohmerwaldplatz,509
Holzapfelkreuth,Donnersbergerbrucke,532
Holzapfelkreuth,Feldmoching,480
Holzapfelkreuth,Frankfurter Ring,519
Holzapfelkreuth,Freimann,527
Holzapfelkreuth,Frottmaning,517
Holzapfelkreuth,Furstenried West,469
Holzapfelkreuth,Giesing,485
Holzapfelkreuth,Harras,518
Holzapfelkreuth,Harthof,505
Holzapfelkreuth,Hauptbahnhof,430
Holzapfelkreuth,Heimeranplatz,500
Holzapfelkreuth,Hohenzollernplatz,515
Holzapfelkreuth,Implerstrasse,479
Holzapfelkreuth,Innsbrucker Ring,495
Holzapfelkreuth,Isartor,545
Holzapfelkreuth,Josephsburg,545
Holzapfelkreuth,Karlsplatz,523
Holzapfelkreuth,Klinikum Grosshadern,499
Holzapfelkreuth,Kolumbusplatz,468
Holzapfelkreuth,Laim,463
Holzapfelkreuth,Laimer Platz,564
Holzapfelkreuth,Mangfallplatz,543
Holzapfelkreuth,Max-Weber-Platz,525
Holzapfelkreuth,Messestadt Ost,525
Holzapfelkreuth,Milbertshofen,499
Holzapfelkreuth,Moosach,479
Holzapfelkreuth,Munchner Freiheit,440
Holzapfelkreuth,Neuperlach Sud,502
Holzapfelkreuth,Neuperlach Zentrum,490
Holzapfelkreuth,Nordfriedhof,538
Holzapfelkreuth,Obermenzing,545
Holzapfelkreuth,Obersendling,471
Holzapfelkreuth,Olympia Einkaufszentrum,498
Holzapfelkreuth,Olympiazentrum,496
Holzapfelkreuth,Ostbahnhof,510
Holzapfelkreuth,Pasing,489
Holzapfelkreuth,Perlach,480
Holzapfelkreuth,Rotkreuzplatz,512
Holzapfelkreuth,Scheidplatz,553
Holzapfelkreuth,Sendlinger Tor,517
Holzapfelkreuth,Studentenstadt,535
Holzapfelkreuth,Thalkirchen,484
Holzapfelkreuth,Theresienstrasse,509
Holzapfelkreuth,Trudering,517
Holzapfelkreuth,Universitat,493
Holzapfelkreuth,Westfriedhof,428
Holzapfelkreuth,Westpark,410
Implerstrasse,Arabellapark,406
Implerstrasse,Bohmerwaldplatz,482
Implerstrasse,Donnersbergerbrucke,594
Implerstrasse,Feldmoching,444
Implerstrasse,Frankfurter Ring,480
Implerstrasse,Freimann,535
Implerstrasse,Frottmaning,492
Implerstrasse,Furstenried West,487
Implerstrasse,Giesing,514
Implerstrasse,Harras,500
Implerstrasse,Harthof,530
Implerstrasse,Hauptbahnhof,480
Implerstrasse,Heimeranplatz,478
Implerstrasse,Hohenzollernplatz,552
Implerstrasse,Holzapfelkreuth,531
Implerstrasse,Innsbrucker Ring,478
Implerstrasse,Isartor,502
Implerstrasse,Josephsburg,553
Implerstrasse,Karlsplatz,478
Implerstrasse,Klinikum Grosshadern,463
Implerstrasse,Kolumbusplatz,434
Implerstrasse,Laim,468
Implerstrasse,Laimer Platz,520
Implerstrasse,Mangfallplatz,523
Implerstrasse,Max-Weber-Platz,501
Implerstrasse,Messestadt Ost,511
Implerstrasse,Milbertshofen,439
Implerstrasse,Moosach,518
Implerstrasse,Munchner Freiheit,409
Implerstrasse,Neuperlach Sud,458
Implerstrasse,Neuperlach Zentrum,478
Implerstrasse,Nordfriedhof,475
Implerstrasse,Obermenzing,507
Implerstrasse,Obersendling,437
Implerstrasse,Olympia Einkaufszentrum,492
Implerstrasse,Olympiazentrum,483
Implerstrasse,Ostbahnhof,455
Implerstrasse,Pasing,485
Implerstrasse,Perlach,503
Implerstrasse,Rotkreuzplatz,465
Implerstrasse,Scheidplatz,568
Implerstrasse,Sendlinger Tor,529
Implerstrasse,Studentenstadt,498
Implerstrasse,Thalkirchen,450
Implerstrasse,Theresienstrasse,463
Implerstrasse,Trudering,444
Implerstrasse,Universitat,446
Implerstrasse,Westfriedhof,481
Implerstrasse,Westpark,442
Innsbrucker Ring,Arabellapark,449
Innsbrucker Ring,Bohmerwaldplatz,504
Innsbrucker Ring,Donnersbergerbrucke,508
Innsbrucker Ring,Feldmoching,438
Innsbrucker Ring,Frankfurter Ring,416
Innsbrucker Ring,Freimann,491
Innsbrucker Ring,Frottmaning,492
Innsbrucker Ring,Furstenried West,450
Innsbrucker Ring,Giesing,429
Innsbrucker Ring,Harras,513
Innsbrucker Ring,Harthof,463
Innsbrucker Ring,Hauptbahnhof,446
Innsbrucker Ring,Heimeranplatz,439
Innsbrucker Ring,Hohenzollernplatz,458
Innsbrucker Ring,Holzapfelkreuth,450
Innsbrucker Ring,Implerstrasse,435
Innsbrucker Ring,Isartor,474
Innsbrucker Ring,Josephsburg,503
Innsbrucker Ring,Karlsplatz,480
Innsbrucker Ring,Klinikum Grosshadern,431
Innsbrucker Ring,Kolumbusplatz,440
Innsbrucker Ring,Laim,430
Innsbrucker Ring,Laimer Platz,470
Innsbrucker Ring,Mangfallplatz,493
Innsbrucker Ring,Max-Weber-Platz,519
Innsbrucker Ring,Messestadt Ost,461
Innsbrucker Ring,Milbertshofen,417
Innsbrucker Ring,Moosach,506
Innsbrucker Ring,Munchner Freiheit,442
Innsbrucker Ring,Neuperlach Sud,433
Innsbrucker Ring,Neuperlach Zentrum,472
Innsbrucker Ring,Nordfriedhof,484
Innsbrucker Ring,Obermenzing,498
Innsbrucker Ring,Obersendling,467
Innsbrucker Ring,Olympia Einkaufszentrum,453
Innsbrucker Ring,Olympiazentrum,449
Innsbrucker Ring,Ostbahnhof,430
Innsbrucker Ring,Pasing,494
Innsbrucker Ring,Perlach,478
Innsbrucker Ring,Rotkreuzplatz,447
Innsbrucker Ring,Scheidplatz,502
Innsbrucker Ring,Sendlinger Tor,505
Innsbrucker Ring,Studentenstadt,499
Innsbrucker Ring,Thalkirchen,434
Innsbrucker Ring,Theresienstrasse,449
Innsbrucker Ring,Trudering,411
Innsbrucker Ring,Universitat,452
Innsbrucker Ring,Westfriedhof,435
Innsbrucker Ring,Westpark,431
Isartor,Arabellapark,440
Isartor,Bohmerwaldplatz,480
Isartor,Donnersbergerbrucke,512
Isartor,Feldmoching,496
Isartor,Frankfurter Ring,512
Isartor,Freimann,574
Isartor,Frottmaning,528
Isartor,Furstenried West,498
Isartor,Giesing,519
Isartor,Harras,561
Isartor,Harthof,551
Isartor,Hauptbahnhof,471
Isartor,Heimeranplatz,504
Isartor,Hohenzollernplatz,548
Isartor,Holzapfelkreuth,510
Isartor,Implerstrasse,447
Isartor,Innsbrucker Ring,453
Isartor,Josephsburg,562
Isartor,Karlsplatz,525
Isartor,Klinikum Grosshadern,442
Isartor,Kolumbusplatz,454
Isartor,Laim,517
Isartor,Laimer Platz,542
Isartor,Mangfallplatz,556
Isartor,Max-Weber-Platz,566
Isartor,Messestadt Ost,511
Isartor,Milbertshofen,496
Isartor,Moosach,523
Isartor,Munchner Freiheit,463
Isartor,Neuperlach Sud,493
Isartor,Neuperlach Zentrum,524
Isartor,Nordfriedhof,550
Isartor,Obermenzing,531
Isartor,Obersendling,479
Isartor,Olympia Einkaufszentrum,503
Isartor,Olympiazentrum,501
Isartor,Ostbahnhof,471
Isartor,Pasing,586
Isartor,Perlach,518
Isartor,Rotkreuzplatz,525
Isartor,Scheidplatz,587
Isartor,Sendlinger Tor,520
Isartor,Studentenstadt,492
Isartor,Thalkirchen,462
Isartor,Theresienstrasse,490
Isartor,Trudering,461
Isartor,Universitat,475
Isartor,Westfriedhof,522
Isartor,Westpark,458
Josephsburg,Arabellapark,477
Josephsburg,Bohmerwaldplatz,483
Josephsburg,Donnersbergerbrucke,583
Josephsburg,Feldmoching,454
Josephsburg,Frankfurter Ring,527
Josephsburg,Freimann,546
Josephsburg,Frottmaning,567
Josephsburg,Furstenried West,544
Josephsburg,Giesing,547
Josephsburg,Harras,551
Josephsburg,Harthof,552
Josephsburg,Hauptbahnhof,447
Josephsburg,Heimeranplatz,467
Josephsburg,Hohenzollernplatz,551
Josephsburg,Holzapfelkreuth,539
Josephsburg,Implerstrasse,522
Josephsburg,Innsbrucker Ring,505
Josephsburg,Isartor,592
Josephsburg,Karlsplatz,514
Josephsburg,Klinikum Grosshadern,484
Josephsburg,Kolumbusplatz,495
Josephsburg,Laim,540
Josephsburg,Laimer Platz,544
Josephsburg,Mangfallplatz,548
Josephsburg,Max-Weber-Platz,556
Josephsburg,Messestadt Ost,558
Josephsburg,Milbertshofen,525
Josephsburg,Moosach,503
Josephsburg,Munchner Freiheit,503
Josephsburg,Neuperlach Sud,535
Josephsburg,Neuperlach Zentrum,536
Josephsburg,Nordfriedhof,541
Josephsburg,Obermenzing,556
Josephsburg,Obersendling,538
Josephsburg,Olympia Einkaufszentrum,508
Josephsburg,Olympiazentrum,477
Josephsburg,Ostbahnhof,500
Josephsburg,Pasing,543
Josephsburg,Perlach,549
Josephsburg,Rotkreuzplatz,518
Josephsburg,Scheidplatz,585
Josephsburg,Sendlinger Tor,588
Josephsburg,Studentenstadt,536
Josephsburg,Thalkirchen,510
Josephsburg,Theresienstrasse,497
Josephsburg,Trudering,548
Josephsburg,Universitat,511
Josephsburg,Westfriedhof,553
Josephsburg,Westpark,497
Karlsplatz,Arabellapark,394
Karlsplatz,Bohmerwaldplatz,432
Karlsplatz,Donnersbergerbrucke,504
Karlsplatz,Feldmoching,401
Karlsplatz,Frankfurter Ring,438
Karlsplatz,Freimann,448
Karlsplatz,Frottmaning,452
Karlsplatz,Furstenried West,431
Karlsplatz,Giesing,432
Karlsplatz,Harras,481
Karlsplatz,Harthof,491
Karlsplatz,Hauptbahnhof,428
Karlsplatz,Heimeranplatz,377
Karlsplatz,Hohenzollernplatz,453
Karlsplatz,Holzapfelkreuth,439
Karlsplatz,Implerstrasse,439
Karlsplatz,Innsbrucker Ring,440
Karlsplatz,Isartor,489
Karlsplatz,Josephsburg,481
Karlsplatz,Klinikum Grosshadern,420
Karlsplatz,Kolumbusplatz,399
Karlsplatz,Laim,436
Karlsplatz,Laimer Platz,472
Karlsplatz,Mangfallplatz,502
Karlsplatz,Max-Weber-Platz,441
Karlsplatz,Messestadt Ost,442
Karlsplatz,Milbertshofen,438
Karlsplatz,Moosach,440
Karlsplatz,Munchner Freiheit,387
Karlsplatz,Neuperlach Sud,431
Karlsplatz,Neuperlach Zentrum,470
Karlsplatz,Nordfriedhof,487
Karlsplatz,Obermenzing,517
Karlsplatz,Obersendling,399
Karlsplatz,Olympia Einkaufszentrum,466
Karlsplatz,Olympiazentrum,423
Karlsplatz,Ostbahnhof,397
Karlsplatz,Pasing,459
Karlsplatz,Perlach,430
Karlsplatz,Rotkreuzplatz,431
Karlsplatz,Scheidplatz,469
Karlsplatz,Sendlinger Tor,470
Karlsplatz,Studentenstadt,492
Karlsplatz,Thalkirchen,394
Karlsplatz,Theresienstrasse,416
Karlsplatz,Trudering,444
Karlsplatz,Universitat,411
Karlsplatz,Westfriedhof,438
Karlsplatz,Westpark,424
Klinikum Grosshadern,Arabellapark,498
Klinikum Grosshadern,Bohmerwaldplatz,515
Klinikum Grosshadern,Donnersbergerbrucke,565
Klinikum Grosshadern,Feldmoching,463
Klinikum Grosshadern,Frankfurter Ring,471
Klinikum Grosshadern,Freimann,552
Klinikum Grosshadern,Frottmaning,503
Klinikum Grosshadern,Furstenried West,483
Klinikum Grosshadern,Giesing,496
Klinikum Grosshadern,Harras,544
Klinikum Grosshadern,Harthof,527
Klinikum Grosshadern,Hauptbahnhof,475
Klinikum Grosshadern,Heimeranplatz,480
Klinikum Grosshadern,Hohenzollernplatz,486
Klinikum Grosshadern,Holzapfelkreuth,527
Klinikum Grosshadern,Implerstrasse,485
Klinikum Grosshadern,Innsbrucker Ring,453
Klinikum Grosshadern,Isartor,543
Klinikum Grosshadern,Josephsburg,551
Klinikum Grosshadern,Karlsplatz,482
Klinikum Grosshadern,Kolumbusplatz,473
Klinikum Grosshadern,Laim,490
Klinikum Grosshadern,Laimer Platz,555
Klinikum Grosshadern,Mangfallplatz,534
Klinikum Grosshadern,Max-Weber-Platz,527
Klinikum Grosshadern,Messestadt Ost,499
Klinikum Grosshadern,Milbertshofen,484
Klinikum Grosshadern,Moosach,479
Klinikum Grosshadern,Munchner Freiheit,439
Klinikum Grosshadern,Neuperlach Sud,476
Klinikum Grosshadern,Neuperlach Zentrum,506
Klinikum Grosshadern,Nordfriedhof,536
Klinikum Grosshadern,Obermenzing,510
Klinikum Grosshadern,Obersendling,483
Klinikum Grosshadern,Olympia Einkaufszentrum,498
Klinikum Grosshadern,Olympiazentrum,510
Klinikum Grosshadern,Ostbahnhof,497
Klinikum Grosshadern,Pasing,535
Klinikum Grosshadern,Perlach,523
Klinikum Grosshadern,Rotkreuzplatz,464
Klinikum Grosshadern,Scheidplatz,556
Klinikum Grosshadern,Sendlinger Tor,574
Klinikum Grosshadern,Studentenstadt,558
Klinikum Grosshadern,Thalkirchen,460
Klinikum Grosshadern,Theresienstrasse,489
Klinikum Grosshadern,Trudering,517
Klinikum Grosshadern,Universitat,433
Klinikum Grosshadern,Westfriedhof,507
Klinikum Grosshadern,Westpark,499
Kolumbusplatz,Arabellapark,487
Kolumbusplatz,Bohmerwaldplatz,534
Kolumbusplatz,Donnersbergerbrucke,545
Kolumbusplatz,Feldmoching,498
Kolumbusplatz,Frankfurter Ring,451
Kolumbusplatz,Freimann,547
Kolumbusplatz,Frottmaning,541
Kolumbusplatz,Furstenried West,549
Kolumbusplatz,Giesing,533
Kolumbusplatz,Harras,563
Kolumbusplatz,Harthof,546
Kolumbusplatz,Hauptbahnhof,468
Kolumbusplatz,Heimeranplatz,488
Kolumbusplatz,Hohenzollernplatz,521
Kolumbusplatz,Holzapfelkreuth,564
Kolumbusplatz,Implerstrasse,497
Kolumbusplatz,Innsbrucker Ring,442
Kolumbusplatz,Isartor,517
Kolumbusplatz,Josephsburg,554
Kolumbusplatz,Karlsplatz,530
Kolumbusplatz,Klinikum Grosshadern,484
Kolumbusplatz,Laim,513
Kolumbusplatz,Laimer Platz,549
Kolumbusplatz,Mangfallplatz,569
Kolumbusplatz,Max-Weber-Platz,532
Kolumbusplatz,Messestadt Ost,506
Kolumbusplatz,Milbertshofen,449
Kolumbusplatz,Moosach,497
Kolumbusplatz,Munchner Freiheit,434
Kolumbusplatz,Neuperlach Sud,481
Kolumbusplatz,Neuperlach Zentrum,508
Kolumbusplatz,Nordfriedhof,568
Kolumbusplatz,Obermenzing,534
Kolumbusplatz,Obersendling,528
Kolumbusplatz,Olympia Einkaufszentrum,543
Kolumbusplatz,Olympiazentrum,522
Kolumbusplatz,Ostbahnhof,495
Kolumbusplatz,Pasing,511
Kolumbusplatz,Perlach,512
Kolumbusplatz,Rotkreuzplatz,496
Kolumbusplatz,Scheidplatz,570
Kolumbusplatz,Sendlinger Tor,537
Kolumbusplatz,Studentenstadt,575
Kolumbusplatz,Thalkirchen,504
Kolumbusplatz,Theresienstrasse,524
Kolumbusplatz,Trudering,476
Kolumbusplatz,Universitat,494
Kolumbusplatz,Westfriedhof,531
Kolumbusplatz,Westpark,460
Laim,Arabellapark,401
Laim,Bohmerwaldplatz,488
Laim,Donnersbergerbrucke,475
Laim,Feldmoching,447
Laim,Frankfurter Ring,435
Laim,Freimann,479
Laim,Frottmaning,469
Laim,Furstenried West,484
Laim,Giesing,460
Laim,Harras,534
Laim,Harthof,510
Laim,Hauptbahnhof,436
Laim,Heimeranplatz,453
Laim,Hohenzollernplatz,469
Laim,Holzapfelkreuth,487
Laim,Implerstrasse,405
Laim,Innsbrucker Ring,452
Laim,Isartor,457
Laim,Josephsburg,464
Laim,Karlsplatz,496
Laim,Klinikum Grosshadern,431
Laim,Kolumbusplatz,434
Laim,Laimer Platz,502
Laim,Mangfallplatz,519
Laim,Max-Weber-Platz,501
Laim,Messestadt Ost,509
Laim,Milbertshofen,404
Laim,Moosach,452
Laim,Munchner Freiheit,428
Laim,Neuperlach Sud,495
Laim,Neuperlach Zentrum,466
Laim,Nordfriedhof,494
Laim,Obermenzing,488
Laim,Obersendling,447
Laim,Olympia Einkaufszentrum,482
Laim,Olympiazentrum,458
Laim,Ostbahnhof,424
Laim,Pasing,434
Laim,Perlach,468
Laim,Rotkreuzplatz,475
Laim,Scheidplatz,520
Laim,Sendlinger Tor,466
Laim,Studentenstadt,430
Laim,Thalkirchen,453
Laim,Theresienstrasse,424
Laim,Trudering,434
Laim,Universitat,434
Laim,Westfriedhof,468
Laim,Westpark,430
Laimer Platz,Arabellapark,385
Laimer Platz,Bohmerwaldplatz,460
Laimer Platz,Donnersbergerbrucke,486
Laimer Platz,Feldmoching,410
Laimer Platz,Frankfurter Ring,416
Laimer Platz,Freimann,463
Laimer Platz,Frottmaning,508
Laimer Platz,Furstenried West,424
Laimer Platz,Giesing,416
Laimer Platz,Harras,506
Laimer Platz,Harthof,502
Laimer Platz,Hauptbahnhof,425
Laimer Platz,Heimeranplatz,433
Laimer Platz,Hohenzollernplatz,438
Laimer Platz,Holzapfelkreuth,521
Laimer Platz,Implerstrasse,408
Laimer Platz,Innsbrucker Ring,399
Laimer Platz,Isartor,465
Laimer Platz,Josephsburg,403
Laimer Platz,Karlsplatz,484
Laimer Platz,Klinikum Grosshadern,425
Laimer Platz,Kolumbusplatz,428
Laimer Platz,Laim,468
Laimer Platz,Mangfallplatz,488
Laimer Platz,Max-Weber-Platz,465
Laimer Platz,Messestadt Ost,444
Laimer Platz,Milbertshofen,416
Laimer Platz,Moosach,436
Laimer Platz,Munchner Freiheit,418
Laimer Platz,Neuperlach Sud,416
Laimer Platz,Neuperlach Zentrum,459
Laimer Platz,Nordfriedhof,499
Laimer Platz,Obermenzing,478
Laimer Platz,Obersendling,417
Laimer Platz,Olympia Einkaufszentrum,487
Laimer Platz,Olympiazentrum,462
Laimer Platz,Ostbahnhof,398
Laimer Platz,Pasing,454
Laimer Platz,Perlach,448
Laimer Platz,Rotkreuzplatz,439
Laimer Platz,Scheidplatz,504
Laimer Platz,Sendlinger Tor,484
Laimer Platz,Studentenstadt,522
Laimer Platz,Thalkirchen,432
Laimer Platz,Theresienstrasse,475
Laimer Platz,Trudering,468
Laimer Platz,Universitat,448
Laimer Platz,Westfriedhof,462
Laimer Platz,Westpark,417
Mangfallplatz,Arabellapark,491
Mangfallplatz,Bohmerwaldplatz,525
Mangfallplatz,Donnersbergerbrucke,550
Mangfallplatz,Feldmoching,481
Mangfallplatz,Frankfurter Ring,523
Mangfallplatz,Freimann,573
Mangfallplatz,Frottmaning,490
Mangfallplatz,Furstenried West,533
Mangfallplatz,Giesing,517
Mangfallplatz,Harras,545
Mangfallplatz,Harthof,544
Mangfallplatz,Hauptbahnhof,513
Mangfallplatz,Heimeranplatz,493
Mangfallplatz,Hohenzollernplatz,542
Mangfallplatz,Holzapfelkreuth,552
Mangfallplatz,Implerstrasse,516
Mangfallplatz,Innsbrucker Ring,481
Mangfallplatz,Isartor,515
Mangfallplatz,Josephsburg,573
Mangfallplatz,Karlsplatz,511
Mangfallplatz,Klinikum Grosshadern,499
Mangfallplatz,Kolumbusplatz,519
Mangfallplatz,Laim,528
Mangfallplatz,Laimer Platz,544
Mangfallplatz,Max-Weber-Platz,536
Mangfallplatz,Messestadt Ost,575
Mangfallplatz,Milbertshofen,479
Mangfallplatz,Moosach,527
Mangfallplatz,Munchner Freiheit,480
Mangfallplatz,Neuperlach Sud,488
Mangfallplatz,Neuperlach Zentrum,571
Mangfallplatz,Nordfriedhof,547
Mangfallplatz,Obermenzing,560
Mangfallplatz,Obersendling,491
Mangfallplatz,Olympia Einkaufszentrum,529
Mangfallplatz,Olympiazentrum,513
Mangfallplatz,Ostbahnhof,517
Mangfallplatz,Pasing,527
Mangfallplatz,Perlach,564
Mangfallplatz,Rotkreuzplatz,511
Mangfallplatz,Scheidplatz,556
Mangfallplatz,Sendlinger Tor,567
Mangfallplatz,Studentenstadt,564
Mangfallplatz,Thalkirchen,488
Mangfallplatz,Theresienstrasse,548
Mangfallplatz,Trudering,524
Mangfallplatz,Universitat,482
Mangfallplatz,Westfriedhof,528
Mangfallplatz,Westpark,491
Max-Weber-Platz,Arabellapark,409
Max-Weber-Platz,Bohmerwaldplatz,479
Max-Weber-Platz,Donnersbergerbrucke,502
Max-Weber-Platz,Feldmoching,437
Max-Weber-Platz,Frankfurter Ring,482
Max-Weber-Platz,Freimann,525
Max-Weber-Platz,Frottmaning,472
Max-Weber-Platz,Furstenried West,426
Max-Weber-Platz,Giesing,421
Max-Weber-Platz,Harras,494
Max-Weber-Platz,Harthof,509
Max-Weber-Platz,Hauptbahnhof,472
Max-Weber-Platz,Heimeranplatz,418
Max-Weber-Platz,Hohenzollernplatz,525
Max-Weber-Platz,Holzapfelkreuth,456
Max-Weber-Platz,Implerstrasse,426
Max-Weber-Platz,Innsbrucker Ring,428
Max-Weber-Platz,Isartor,497
Max-Weber-Platz,Josephsburg,481
Max-Weber-Platz,Karlsplatz,465
Max-Weber-Platz,Klinikum Grosshadern,425
Max-Weber-Platz,Kolumbusplatz,442
Max-Weber-Platz,Laim,444
Max-Weber-Platz,Laimer Platz,515
Max-Weber-Platz,Mangfallplatz,508
Max-Weber-Platz,Messestadt Ost,452
Max-Weber-Platz,Milbertshofen,417
Max-Weber-Platz,Moosach,431
Max-Weber-Platz,Munchner Freiheit,394
Max-Weber-Platz,Neuperlach Sud,451
Max-Weber-Platz,Neuperlach Zentrum,465
Max-Weber-Platz,Nordfriedhof,478
Max-Weber-Platz,Obermenzing,524
Max-Weber-Platz,Obersendling,447
Max-Weber-Platz,Olympia Einkaufszentrum,482
Max-Weber-Platz,Olympiazentrum,451
Max-Weber-Platz,Ostbahnhof,431
Max-Weber-Platz,Pasing,444
Max-Weber-Platz,Perlach,473
Max-Weber-Platz,Rotkreuzplatz,398
Max-Weber-Platz,Scheidplatz,509
Max-Weber-Platz,Sendlinger Tor,480
Max-Weber-Platz,Studentenstadt,508
Max-Weber-Platz,Thalkirchen,442
Max-Weber-Platz,Theresienstrasse,466
Max-Weber-Platz,Trudering,452
Max-Weber-Platz,Universitat,439
Max-Weber-Platz,Westfriedhof,484
Max-Weber-Platz,Westpark,396
Messestadt Ost,Arabellapark,478
Messestadt Ost,Bohmerwaldplatz,522
Messestadt Ost,Donnersbergerbrucke,536
Messestadt Ost,Feldmoching,498
Messestadt Ost,Frankfurter Ring,472
Messestadt Ost,Freimann,521
Messestadt Ost,Frottmaning,504
Messestadt Ost,Furstenried West,512
Messestadt Ost,Giesing,516
Messestadt Ost,Harras,569
Messestadt Ost,Harthof,530
Messestadt Ost,Hauptbahnhof,477
Messestadt Ost,Heimeranplatz,518
Messestadt Ost,Hohenzollernplatz,547
Messestadt Ost,Holzapfelkreuth,497
Messestadt Ost,Implerstrasse,463
Messestadt Ost,Innsbrucker Ring,464
Messestadt Ost,Isartor,520
Messestadt Ost,Josephsburg,521
Messestadt Ost,Karlsplatz,505
Messestadt Ost,Klinikum Grosshadern,465
Messestadt Ost,Kolumbusplatz,458
Messestadt Ost,Laim,488
Messestadt Ost,Laimer Platz,486
Messestadt Ost,Mangfallplatz,562
Messestadt Ost,Max-Weber-Platz,531
Messestadt Ost,Milbertshofen,462
Messestadt Ost,Moosach,500
Messestadt Ost,Munchner Freiheit,479
Messestadt Ost,Neuperlach Sud,508
Messestadt Ost,Neuperlach Zentrum,472
Messestadt Ost,Nordfriedhof,532
Messestadt Ost,Obermenzing,571
Messestadt Ost,Obersendling,504
Messestadt Ost,Olympia Einkaufszentrum,492
Messestadt Ost,Olympiazentrum,457
Messestadt Ost,Ostbahnhof,475
Messestadt Ost,Pasing,523
Messestadt Ost,Perlach,535
Messestadt Ost,Rotkreuzplatz,543
Messestadt Ost,Scheidplatz,568
Messestadt Ost,Sendlinger Tor,543
Messestadt Ost,Studentenstadt,544
Messestadt Ost,Thalkirchen,527
Messestadt Ost,Theresienstrasse,493
Messestadt Ost,Trudering,507
Messestadt Ost,Universitat,472
Messestadt Ost,Westfriedhof,526
Messestadt Ost,Westpark,476
Milbertshofen,Arabellapark,383
Milbertshofen,Bohmerwaldplatz,437
Milbertshofen,Donnersbergerbrucke,491
Milbertshofen,Feldmoching,417
Milbertshofen,Frankfurter Ring,428
Milbertshofen,Freimann,497
Milbertshofen,Frottmaning,488
Milbertshofen,Furstenried West,472
Milbertshofen,Giesing,496
Milbertshofen,Harras,508
Milbertshofen,Harthof,458
Milbertshofen,Hauptbahnhof,430
Milbertshofen,Heimeranplatz,449
Milbertshofen,Hohenzollernplatz,478
Milbertshofen,Holzapfelkreuth,487
Milbertshofen,Implerstrasse,470
Milbertshofen,Innsbrucker Ring,468
Milbertshofen,Isartor,481
Milbertshofen,Josephsburg,501
Milbertshofen,Karlsplatz,448
Milbertshofen,Klinikum Grosshadern,460
Milbertshofen,Kolumbusplatz,459
Milbertshofen,Laim,461
Milbertshofen,Laimer Platz,502
Milbertshofen,Mangfallplatz,500
Milbertshofen,Max-Weber-Platz,493
Milbertshofen,Messestadt Ost,527
Milbertshofen,Moosach,427
Milbertshofen,Munchner Freiheit,454
Milbertshofen,Neuperlach Sud,477
Milbertshofen,Neuperlach Zentrum,474
Milbertshofen,Nordfriedhof,495
Milbertshofen,Obermenzing,477
Milbertshofen,Obersendling,469
Milbertshofen,Olympia Einkaufszentrum,461
Milbertshofen,Olympiazentrum,453
Milbertshofen,Ostbahnhof,428
Milbertshofen,Pasing,447
Milbertshofen,Perlach,483
Milbertshofen,Rotkreuzplatz,442
Milbertshofen,Scheidplatz,512
Milbertshofen,Sendlinger Tor,533
Milbertshofen,Studentenstadt,477
Milbertshofen,Thalkirchen,452
Milbertshofen,Theresienstrasse,469
Milbertshofen,Trudering,467
Milbertshofen,Universitat,423
Milbertshofen,Westfriedhof,440
Milbertshofen,Westpark,437
Moosach,Arabellapark,407
Moosach,Bohmerwaldplatz,444
Moosach,Donnersbergerbrucke,548
Moosach,Feldmoching,441
Moosach,Frankfurter Ring,454
Moosach,Freimann,511
Moosach,Frottmaning,488
Moosach,Furstenried West,477
Moosach,Giesing,487
Moosach,Harras,504
Moosach,Harthof,494
Moosach,Hauptbahnhof,410
Moosach,Heimeranplatz,461
Moosach,Hohenzollernplatz,480
Moosach,Holzapfelkreuth,502
Moosach,Implerstrasse,431
Moosach,Innsbrucker Ring,469
Moosach,Isartor,508
Moosach,Josephsburg,513
Moosach,Karlsplatz,486
Moosach,Klinikum Grosshadern,474
Moosach,Kolumbusplatz,426
Moosach,Laim,463
Moosach,Laimer Platz,470
Moosach,Mangfallplatz,534
Moosach,Max-Weber-Platz,512
Moosach,Messestadt Ost,491
Moosach,Milbertshofen,470
Moosach,Munchner Freiheit,442
Moosach,Neuperlach Sud,452
Moosach,Neuperlach Zentrum,508
Moosach,Nordfriedhof,510
Moosach,Obermenzing,491
Moosach,Obersendling,465
Moosach,Olympia Einkaufszentrum,465
Moosach,Olympiazentrum,426
Moosach,Ostbahnhof,424
Moosach,Pasing,492
Moosach,Perlach,478
Moosach,Rotkreuzplatz,460
Moosach,Scheidplatz,515
Moosach,Sendlinger Tor,488
Moosach,Studentenstadt,517
Moosach,Thalkirchen,417
Moosach,Theresienstrasse,478
Moosach,Trudering,506
Moosach,Universitat,477
Moosach,Westfriedhof,475
Moosach,Westpark,445
Munchner Freiheit,Arabellapark,438
Munchner Freiheit,Bohmerwaldplatz,536
Munchner Freiheit,Donnersbergerbrucke,497
Munchner Freiheit,Feldmoching,494
Munchner Freiheit,Frankfurter Ring,489
Munchner Freiheit,Freimann,577
Munchner Freiheit,Frottmaning,495
Munchner Freiheit,Furstenried West,497
Munchner Freiheit,Giesing,499
Munchner Freiheit,Harras,572
Munchner Freiheit,Harthof,538
Munchner Freiheit,Hauptbahnhof,502
Munchner Freiheit,Heimeranplatz,493
Munchner Freiheit,Hohenzollernplatz,542
Munchner Freiheit,Holzapfelkreuth,490
Munchner Freiheit,Implerstrasse,478
Munchner Freiheit,Innsbrucker Ring,504
Munchner Freiheit,Isartor,525
Munchner Freiheit,Josephsburg,597
Munchner Freiheit,Karlsplatz,480
Munchner Freiheit,Klinikum Grosshadern,522
Munchner Freiheit,Kolumbusplatz,489
Munchner Freiheit,Laim,502
Munchner Freiheit,Laimer Platz,495
Munchner Freiheit,Mangfallplatz,528
Munchner Freiheit,Max-Weber-Platz,526
Munchner Freiheit,Messestadt Ost,562
Munchner Freiheit,Milbertshofen,451
Munchner Freiheit,Moosach,528
Munchner Freiheit,Neuperlach Sud,533
Munchner Freiheit,Neuperlach Zentrum,566
Munchner Freiheit,Nordfriedhof,541
Munchner Freiheit,Obermenzing,541
Munchner Freiheit,Obersendling,476
Munchner Freiheit,Olympia Einkaufszentrum,525
Munchner Freiheit,Olympiazentrum,489
Munchner Freiheit,Ostbahnhof,490
Munchner Freiheit,Pasing,592
Munchner Freiheit,Perlach,524
Munchner Freiheit,Rotkreuzplatz,519
Munchner Freiheit,Scheidplatz,528
Munchner Freiheit,Sendlinger Tor,490
Munchner Freiheit,Studentenstadt,539
Munchner Freiheit,Thalkirchen,464
Munchner Freiheit,Theresienstrasse,504
Munchner Freiheit,Trudering,523
Munchner Freiheit,Universitat,502
Munchner Freiheit,Westfriedhof,508
Munchner Freiheit,Westpark,484
Neuperlach Sud,Arabellapark,429
Neuperlach Sud,Bohmerwaldplatz,518
Neuperlach Sud,Donnersbergerbrucke,549
Neuperlach Sud,Feldmoching,403
Neuperlach Sud,Frankfurter Ring,471
Neuperlach Sud,Freimann,569
Neuperlach Sud,Frottmaning,535
Neuperlach Sud,Furstenried West,478
Neuperlach Sud,Giesing,449
Neuperlach Sud,Harras,546
Neuperlach Sud,Harthof,516
Neuperlach Sud,Hauptbahnhof,465
Neuperlach Sud,Heimeranplatz,476
Neuperlach Sud,Hohenzollernplatz,564
Neuperlach Sud,Holzapfelkreuth,499
Neuperlach Sud,Implerstrasse,511
Neuperlach Sud,Innsbrucker Ring,475
Neuperlach Sud,Isartor,541
Neuperlach Sud,Josephsburg,496
Neuperlach Sud,Karlsplatz,504
Neuperlach Sud,Klinikum Grosshadern,471
Neuperlach Sud,Kolumbusplatz,439
Neuperlach Sud,Laim,523
Neuperlach Sud,Laimer Platz,505
Neuperlach Sud,Mangfallplatz,535
Neuperlach Sud,Max-Weber-Platz,539
Neuperlach Sud,Messestadt Ost,508
Neuperlach Sud,Milbertshofen,462
Neuperlach Sud,Moosach,507
Neuperlach Sud,Munchner Freiheit,481
Neuperlach Sud,Neuperlach Zentrum,511
Neuperlach Sud,Nordfriedhof,543
Neuperlach Sud,Obermenzing,527
Neuperlach Sud,Obersendling,511
Neuperlach Sud,Olympia Einkaufszentrum,485
Neuperlach Sud,Olympiazentrum,479
Neuperlach Sud,Ostbahnhof,458
Neuperlach Sud,Pasing,510
Neuperlach Sud,Perlach,530
Neuperlach Sud,Rotkreuzplatz,529
Neuperlach Sud,Scheidplatz,557
Neuperlach Sud,Sendlinger Tor,519
Neuperlach Sud,Studentenstadt,490
Neuperlach Sud,Thalkirchen,446
Neuperlach Sud,Theresienstrasse,499
Neuperlach Sud,Trudering,488
Neuperlach Sud,Universitat,478
Neuperlach Sud,Westfriedhof,461
Neuperlach Sud,Westpark,457
Neuperlach Zentrum,Arabellapark,453
Neuperlach Zentrum,Bohmerwaldplatz,534
Neuperlach Zentrum,Donnersbergerbrucke,560
Neuperlach Zentrum,Feldmoching,517
Neuperlach Zentrum,Frankfurter Ring,495
Neuperlach Zentrum,Freimann,594
Neuperlach Zentrum,Frottmaning,525
Neuperlach Zentrum,Furstenried West,505
Neuperlach Zentrum,Giesing,506
Neuperlach Zentrum,Harras,559
Neuperlach Zentrum,Harthof,550
Neuperlach Zentrum,Hauptbahnhof,455
Neuperlach Zentrum,Heimeranplatz,456
Neuperlach Zentrum,Hohenzollernplatz,526
Neuperlach Zentrum,Holzapfelkreuth,518
Neuperlach Zentrum,Implerstrasse,499
Neuperlach Zentrum,Innsbrucker Ring,469
Neuperlach Zentrum,Isartor,569
Neuperlach Zentrum,Josephsburg,577
Neuperlach Zentrum,Karlsplatz,527
Neuperlach Zentrum,Klinikum Grosshadern,477
Neuperlach Zentrum,Kolumbusplatz,479
Neuperlach Zentrum,Laim,505
Neuperlach Zentrum,Laimer Platz,585
Neuperlach Zentrum,Mangfallplatz,558
Neuperlach Zentrum,Max-Weber-Platz,585
Neuperlach Zentrum,Messestadt Ost,523
Neuperlach Zentrum,Milbertshofen,435
Neuperlach Zentrum,Moosach,500
Neuperlach Zentrum,Munchner Freiheit,438
Neuperlach Zentrum,Neuperlach Sud,479
Neuperlach Zentrum,Nordfriedhof,521
Neuperlach Zentrum,Obermenzing,550
Neuperlach Zentrum,Obersendling,438
Neuperlach Zentrum,Olympia Einkaufszentrum,525
Neuperlach Zentrum,Olympiazentrum,533
Neuperlach Zentrum,Ostbahnhof,504
Neuperlach Zentrum,Pasing,536
Neuperlach Zentrum,Perlach,554
Neuperlach Zentrum,Rotkreuzplatz,538
Neuperlach Zentrum,Scheidplatz,561
Neuperlach Zentrum,Sendlinger Tor,496
Neuperlach Zentrum,Studentenstadt,592
Neuperlach Zentrum,Thalkirchen,475
Neuperlach Zentrum,Theresienstrasse,498
Neuperlach Zentrum,Trudering,552
Neuperlach Zentrum,Universitat,477
Neuperlach Zentrum,Westfriedhof,498
Neuperlach Zentrum,Westpark,495
Nordfriedhof,Arabellapark,462
Nordfriedhof,Bohmerwaldplatz,521
Nordfriedhof,Donnersbergerbrucke,574
Nordfriedhof,Feldmoching,490
Nordfriedhof,Frankfurter Ring,495
Nordfriedhof,Freimann,519
Nordfriedhof,Frottmaning,536
Nordfriedhof,Furstenried West,519
Nordfriedhof,Giesing,529
Nordfriedhof,Harras,570
Nordfriedhof,Harthof,569
Nordfriedhof,Hauptbahnhof,492
Nordfriedhof,Heimeranplatz,473
Nordfriedhof,Hohenzollernplatz,531
Nordfriedhof,Holzapfelkreuth,504
Nordfriedhof,Implerstrasse,501
Nordfriedhof,Innsbrucker Ring,489
Nordfriedhof,Isartor,552
Nordfriedhof,Josephsburg,536
Nordfriedhof,Karlsplatz,525
Nordfriedhof,Klinikum Grosshadern,500
Nordfriedhof,Kolumbusplatz,445
Nordfriedhof,Laim,502
Nordfriedhof,Laimer Platz,507
Nordfriedhof,Mangfallplatz,510
Nordfriedhof,Max-Weber-Platz,583
Nordfriedhof,Messestadt Ost,513
Nordfriedhof,Milbertshofen,474
Nordfriedhof,Moosach,505
Nordfriedhof,Munchner Freiheit,461
Nordfriedhof,Neuperlach Sud,487
Nordfriedhof,Neuperlach Zentrum,523
Nordfriedhof,Obermenzing,527
Nordfriedhof,Obersendling,447
Nordfriedhof,Olympia Einkaufszentrum,481
Nordfriedhof,Olympiazentrum,444
Nordfriedhof,Ostbahnhof,475
Nordfriedhof,Pasing,511
Nordfriedhof,Perlach,549
Nordfriedhof,Rotkreuzplatz,509
Nordfriedhof,Scheidplatz,557
Nordfriedhof,Sendlinger Tor,505
Nordfriedhof,Studentenstadt,507
Nordfriedhof,Thalkirchen,441
Nordfriedhof,Theresienstrasse,468
Nordfriedhof,Trudering,509
Nordfriedhof,Universitat,455
Nordfriedhof,Westfriedhof,461
Nordfriedhof,Westpark,447
Obermenzing,Arabellapark,407
Obermenzing,Bohmerwaldplatz,497
Obermenzing,Donnersbergerbrucke,497
Obermenzing,Feldmoching,458
Obermenzing,Frankfurter Ring,429
Obermenzing,Freimann,495
Obermenzing,Frottmaning,478
Obermenzing,Furstenried West,402
Obermenzing,Giesing,483
Obermenzing,Harras,481
Obermenzing,Harthof,465
Obermenzing,Hauptbahnhof,426
Obermenzing,Heimeranplatz,407
Obermenzing,Hohenzollernplatz,460
Obermenzing,Holzapfelkreuth,457
Obermenzing,Implerstrasse,423
Obermenzing,Innsbrucker Ring,435
Obermenzing,Isartor,423
Obermenzing,Josephsburg,490
Obermenzing,Karlsplatz,446
Obermenzing,Klinikum Grosshadern,420
Obermenzing,Kolumbusplatz,412
Obermenzing,Laim,426
Obermenzing,Laimer Platz,472
Obermenzing,Mangfallplatz,482
Obermenzing,Max-Weber-Platz,469
Obermenzing,Messestadt Ost,438
Obermenzing,Milbertshofen,428
Obermenzing,Moosach,434
Obermenzing,Munchner Freiheit,405
Obermenzing,Neuperlach Sud,439
Obermenzing,Neuperlach Zentrum,419
Obermenzing,Nordfriedhof,490
Obermenzing,Obersendling,435
Obermenzing,Olympia Einkaufszentrum,445
Obermenzing,Olympiazentrum,402
Obermenzing,Ostbahnhof,395
Obermenzing,Pasing,514
Obermenzing,Perlach,462
Obermenzing,Rotkreuzplatz,466
Obermenzing,Scheidplatz,471
Obermenzing,Sendlinger Tor,454
Obermenzing,Studentenstadt,441
Obermenzing,Thalkirchen,405
Obermenzing,Theresienstrasse,417
Obermenzing,Trudering,435
Obermenzing,Universitat,435
Obermenzing,Westfriedhof,416
Obermenzing,Westpark,391
Obersendling,Arabellapark,384
Obersendling,Bohmerwaldplatz,463
Obersendling,Donnersbergerbrucke,451
Obersendling,Feldmoching,415
Obersendling,Frankfurter Ring,441
Obersendling,Freimann,457
Obersendling,Frottmaning,450
Obersendling,Furstenried West,433
Obersendling,Giesing,435
Obersendling,Harras,449
Obersendling,Harthof,496
Obersendling,Hauptbahnhof,405
Obersendling,Heimeranplatz,448
Obersendling,Hohenzollernplatz,447
Obersendling,Holzapfelkreuth,489
Obersendling,Implerstrasse,434
Obersendling,Innsbrucker Ring,412
Obersendling,Isartor,463
Obersendling,Josephsburg,502
Obersendling,Karlsplatz,441
Obersendling,Klinikum Grosshadern,401
Obersendling,Kolumbusplatz,445
Obersendling,Laim,430
Obersendling,Laimer Platz,483
Obersendling,Mangfallplatz,483
Obersendling,Max-Weber-Platz,439
Obersendling,Messestadt Ost,490
Obersendling,Milbertshofen,388
Obersendling,Moosach,407
Obersendling,Munchner Freiheit,369
Obersendling,Neuperlach Sud,438
Obersendling,Neuperlach Zentrum,506
Obersendling,Nordfriedhof,489
Obersendling,Obermenzing,494
Obersendling,Olympia Einkaufszentrum,454
Obersendling,Olympiazentrum,414
Obersendling,Ostbahnhof,431
Obersendling,Pasing,507
Obersendling,Perlach,473
Obersendling,Rotkreuzplatz,456
Obersendling,Scheidplatz,463
Obersendling,Sendlinger Tor,471
Obersendling,Studentenstadt,508
Obersendling,Thalkirchen,446
Obersendling,Theresienstrasse,379
Obersendling,Trudering,427
Obersendling,Universitat,459
Obersendling,Westfriedhof,448
Obersendling,Westpark,366
Olympia Einkaufszentrum,Arabellapark,423
Olympia Einkaufszentrum,Bohmerwaldplatz,479
Olympia Einkaufszentrum,Donnersbergerbrucke,461
Olympia Einkaufszentrum,Feldmoching,406
Olympia Einkaufszentrum,Frankfurter Ring,438
Olympia Einkaufszentrum,Freimann,527
Olympia Einkaufszentrum,Frottmaning,484
Olympia Einkaufszentrum,Furstenried West,442
Olympia Einkaufszentrum,Giesing,486
Olympia Einkaufszentrum,Harras,548
Olympia Einkaufszentrum,Harthof,487
Olympia Einkaufszentrum,Hauptbahnhof,432
Olympia Einkaufszentrum,Heimeranplatz,470
Olympia Einkaufszentrum,Hohenzollernplatz,469
Olympia Einkaufszentrum,Holzapfelkreuth,498
Olympia Einkaufszentrum,Implerstrasse,439
Olympia Einkaufszentrum,Innsbrucker Ring,417
Olympia Einkaufszentrum,Isartor,483
Olympia Einkaufszentrum,Josephsburg,484
Olympia Einkaufszentrum,Karlsplatz,397
Olympia Einkaufszentrum,Klinikum Grosshadern,423
Olympia Einkaufszentrum,Kolumbusplatz,434
Olympia Einkaufszentrum,Laim,453
Olympia Einkaufszentrum,Laimer Platz,497
Olympia Einkaufszentrum,Mangfallplatz,522
Olympia Einkaufszentrum,Max-Weber-Platz,487
Olympia Einkaufszentrum,Messestadt Ost,484
Olympia Einkaufszentrum,Milbertshofen,442
Olympia Einkaufszentrum,Moosach,455
Olympia Einkaufszentrum,Munchner Freiheit,426
Olympia Einkaufszentrum,Neuperlach Sud,437
Olympia Einkaufszentrum,Neuperlach Zentrum,456
Olympia Einkaufszentrum,Nordfriedhof,496
Olympia Einkaufszentrum,Obermenzing,561
Olympia Einkaufszentrum,Obersendling,446
Olympia Einkaufszentrum,Olympiazentrum,428
Olympia Einkaufszentrum,Ostbahnhof,416
Olympia Einkaufszentrum,Pasing,472
Olympia Einkaufszentrum,Perlach,516
Olympia Einkaufszentrum,Rotkreuzplatz,470
Olympia Einkaufszentrum,Scheidplatz,516
Olympia Einkaufszentrum,Sendlinger Tor,510
Olympia Einkaufszentrum,Studentenstadt,494
Olympia Einkaufszentrum,Thalkirchen,411
Olympia Einkaufszentrum,Theresienstrasse,463
Olympia Einkaufszentrum,Trudering,428
Olympia Einkaufszentrum,Universitat,479
Olympia Einkaufszentrum,Westfriedhof,481
Olympia Einkaufszentrum,Westpark,411
Olympiazentrum,Arabellapark,468
Olympiazentrum,Bohmerwaldplatz,490
Olympiazentrum,Donnersbergerbrucke,544
Olympiazentrum,Feldmoching,487
Olympiazentrum,Frankfurter Ring,468
Olympiazentrum,Freimann,524
Olympiazentrum,Frottmaning,495
Olympiazentrum,Furstenried West,508
Olympiazentrum,Giesing,504
Olympiazentrum,Harras,552
Olympiazentrum,Harthof,519
Olympiazentrum,Hauptbahnhof,488
Olympiazentrum,Heimeranplatz,465
Olympiazentrum,Hohenzollernplatz,552
Olympiazentrum,Holzapfelkreuth,535
Olympiazentrum,Implerstrasse,467
Olympiazentrum,Innsbrucker Ring,483
Olympiazentrum,Isartor,570
Olympiazentrum,Josephsburg,542
Olympiazentrum,Karlsplatz,459
Olympiazentrum,Klinikum Grosshadern,500
Olympiazentrum,Kolumbusplatz,472
Olympiazentrum,Laim,531
Olympiazentrum,Laimer Platz,547
Olympiazentrum,Mangfallplatz,517
Olympiazentrum,Max-Weber-Platz,510
Olympiazentrum,Messestadt Ost,529
Olympiazentrum,Milbertshofen,488
Olympiazentrum,Moosach,492
Olympiazentrum,Munchner Freiheit,439
Olympiazentrum,Neuperlach Sud,504
Olympiazentrum,Neuperlach Zentrum,542
Olympiazentrum,Nordfriedhof,538
Olympiazentrum,Obermenzing,550
Olympiazentrum,Obersendling,495
Olympiazentrum,Olympia Einkaufszentrum,537
Olympiazentrum,Ostbahnhof,486
Olympiazentrum,Pasing,533
Olympiazentrum,Perlach,475
Olympiazentrum,Rotkreuzplatz,511
Olympiazentrum,Scheidplatz,548
Olympiazentrum,Sendlinger Tor,556
Olympiazentrum,Studentenstadt,546
Olympiazentrum,Thalkirchen,476
Olympiazentrum,Theresienstrasse,510
Olympiazentrum,Trudering,458
Olympiazentrum,Universitat,494
Olympiazentrum,Westfriedhof,459
Olympiazentrum,Westpark,488
Ostbahnhof,Arabellapark,381
Ostbahnhof,Bohmerwaldplatz,467
Ostbahnhof,Donnersbergerbrucke,506
Ostbahnhof,Feldmoching,427
Ostbahnhof,Frankfurter Ring,466
Ostbahnhof,Freimann,527
Ostbahnhof,Frottmaning,510
Ostbahnhof,Furstenried West,444
Ostbahnhof,Giesing,455
Ostbahnhof,Harras,508
Ostbahnhof,Harthof,499
Ostbahnhof,Hauptbahnhof,419
Ostbahnhof,Heimeranplatz,457
Ostbahnhof,Hohenzollernplatz,464
Ostbahnhof,Holzapfelkreuth,520
Ostbahnhof,Implerstrasse,446
Ostbahnhof,Innsbrucker Ring,445
Ostbahnhof,Isartor,520
Ostbahnhof,Josephsburg,499
Ostbahnhof,Karlsplatz,453
Ostbahnhof,Klinikum Grosshadern,398
Ostbahnhof,Kolumbusplatz,433
Ostbahnhof,Laim,438
Ostbahnhof,Laimer Platz,509
Ostbahnhof,Mangfallplatz,476
Ostbahnhof,Max-Weber-Platz,501
Ostbahnhof,Messestadt Ost,480
Ostbahnhof,Milbertshofen,441
Ostbahnhof,Moosach,453
Ostbahnhof,Munchner Freiheit,411
Ostbahnhof,Neuperlach Sud,466
Ostbahnhof,Neuperlach Zentrum,471
Ostbahnhof,Nordfriedhof,478
Ostbahnhof,Obermenzing,484
Ostbahnhof,Obersendling,422
Ostbahnhof,Olympia Einkaufszentrum,461
Ostbahnhof,Olympiazentrum,442
Ostbahnhof,Pasing,485
Ostbahnhof,Perlach,491
Ostbahnhof,Rotkreuzplatz,489
Ostbahnhof,Scheidplatz,447
Ostbahnhof,Sendlinger Tor,508
Ostbahnhof,Studentenstadt,465
Ostbahnhof,Thalkirchen,453
Ostbahnhof,Theresienstrasse,469
Ostbahnhof,Trudering,441
Ostbahnhof,Universitat,454
Ostbahnhof,Westfriedhof,476
Ostbahnhof,Westpark,456
Pasing,Arabellapark,441
Pasing,Bohmerwaldplatz,494
Pasing,Donnersbergerbrucke,566
Pasing,Feldmoching,473
Pasing,Frankfurter Ring,490
Pasing,Freimann,553
Pasing,Frottmaning,561
Pasing,Furstenried West,511
Pasing,Giesing,496
Pasing,Harras,518
Pasing,Harthof,547
Pasing,Hauptbahnhof,473
Pasing,Heimeranplatz,496
Pasing,Hohenzollernplatz,550
Pasing,Holzapfelkreuth,511
Pasing,Implerstrasse,483
Pasing,Innsbrucker Ring,486
Pasing,Isartor,555
Pasing,Josephsburg,493
Pasing,Karlsplatz,481
Pasing,Klinikum Grosshadern,410
Pasing,Kolumbusplatz,456
Pasing,Laim,492
Pasing,Laimer Platz,518
Pasing,Mangfallplatz,540
Pasing,Max-Weber-Platz,485
Pasing,Messestadt Ost,512
Pasing,Milbertshofen,450
Pasing,Moosach,510
Pasing,Munchner Freiheit,484
Pasing,Neuperlach Sud,484
Pasing,Neuperlach Zentrum,503
Pasing,Nordfriedhof,509
Pasing,Obermenzing,536
Pasing,Obersendling,562
Pasing,Olympia Einkaufszentrum,503
Pasing,Olympiazentrum,489
Pasing,Ostbahnhof,469
Pasing,Perlach,480
Pasing,Rotkreuzplatz,480
Pasing,Scheidplatz,584
Pasing,Sendlinger Tor,522
Pasing,Studentenstadt,511
Pasing,Thalkirchen,480
Pasing,Theresienstrasse,513
Pasing,Trudering,534
Pasing,Universitat,496
Pasing,Westfriedhof,462
Pasing,Westpark,453
Perlach,Arabellapark,461
Perlach,Bohmerwaldplatz,511
Perlach,Donnersbergerbrucke,564
Perlach,Feldmoching,436
Perlach,Frankfurter Ring,492
Perlach,Freimann,528
Perlach,Frottmaning,512
Perlach,Furstenried West,496
Perlach,Giesing,517
Perlach,Harras,548
Perlach,Harthof,524
Perlach,Hauptbahnhof,456
Perlach,Heimeranplatz,504
Perlach,Hohenzollernplatz,520
Perlach,Holzapfelkreuth,490
Perlach,Implerstrasse,416
Perlach,Innsbrucker Ring,440
Perlach,Isartor,518
Perlach,Josephsburg,509
Perlach,Karlsplatz,464
Perlach,Klinikum Grosshadern,439
Perlach,Kolumbusplatz,463
Perlach,Laim,465
Perlach,Laimer Platz,497
Perlach,Mangfallplatz,495
Perlach,Max-Weber-Platz,520
Perlach,Messestadt Ost,507
Perlach,Milbertshofen,461
Perlach,Moosach,467
Perlach,Munchner Freiheit,413
Perlach,Neuperlach Sud,461
Perlach,Neuperlach Zentrum,487
Perlach,Nordfriedhof,517
Perlach,Obermenzing,502
Perlach,Obersendling,500
Perlach,Olympia Einkaufszentrum,471
Perlach,Olympiazentrum,474
Perlach,Ostbahnhof,474
Perlach,Pasing,500
Perlach,Rotkreuzplatz,510
Perlach,Scheidplatz,494
Perlach,Sendlinger Tor,522
Perlach,Studentenstadt,501
Perlach,Thalkirchen,470
Perlach,Theresienstrasse,486
Perlach,Trudering,475
Perlach,Universitat,476
Perlach,Westfriedhof,496
Perlach,Westpark,449
Rotkreuzplatz,Arabellapark,413
Rotkreuzplatz,Bohmerwaldplatz,410
Rotkreuzplatz,Donnersbergerbrucke,455
Rotkreuzplatz,Feldmoching,433
Rotkreuzplatz,Frankfurter Ring,420
Rotkreuzplatz,Freimann,461
Rotkreuzplatz,Frottmaning,455
Rotkreuzplatz,Furstenried West,462
Rotkreuzplatz,Giesing,439
Rotkreuzplatz,Harras,463
Rotkreuzplatz,Harthof,464
Rotkreuzplatz,Hauptbahnhof,443
Rotkreuzplatz,Heimeranplatz,414
Rotkreuzplatz,Hohenzollernplatz,440
Rotkreuzplatz,Holzapfelkreuth,458
Rotkreuzplatz,Implerstrasse,425
Rotkreuzplatz,Innsbrucker Ring,420
Rotkreuzplatz,Isartor,476
Rotkreuzplatz,Josephsburg,496
Rotkreuzplatz,Karlsplatz,436
Rotkreuzplatz,Klinikum Grosshadern,432
Rotkreuzplatz,Kolumbusplatz,407
Rotkreuzplatz,Laim,419
Rotkreuzplatz,Laimer Platz,463
Rotkreuzplatz,Mangfallplatz,472
Rotkreuzplatz,Max-Weber-Platz,455
Rotkreuzplatz,Messestadt Ost,461
Rotkreuzplatz,Milbertshofen,420
Rotkreuzplatz,Moosach,480
Rotkreuzplatz,Munchner Freiheit,416
Rotkreuzplatz,Neuperlach Sud,404
Rotkreuzplatz,Neuperlach Zentrum,422
Rotkreuzplatz,Nordfriedhof,466
Rotkreuzplatz,Obermenzing,491
Rotkreuzplatz,Obersendling,441
Rotkreuzplatz,Olympia Einkaufszentrum,472
Rotkreuzplatz,Olympiazentrum,405
Rotkreuzplatz,Ostbahnhof,417
Rotkreuzplatz,Pasing,476
Rotkreuzplatz,Perlach,471
Rotkreuzplatz,Scheidplatz,482
Rotkreuzplatz,Sendlinger Tor,498
Rotkreuzplatz,Studentenstadt,489
Rotkreuzplatz,Thalkirchen,399
Rotkreuzplatz,Theresienstrasse,413
Rotkreuzplatz,Trudering,417
Rotkreuzplatz,Universitat,434
Rotkreuzplatz,Westfriedhof,423
Rotkreuzplatz,Westpark,454
Scheidplatz,Arabellapark,403
Scheidplatz,Bohmerwaldplatz,467
Scheidplatz,Donnersbergerbrucke,469
Scheidplatz,Feldmoching,405
Scheidplatz,Frankfurter Ring,463
Scheidplatz,Freimann,495
Scheidplatz,Frottmaning,508
Scheidplatz,Furstenried West,466
Scheidplatz,Giesing,513
Scheidplatz,Harras,424
Scheidplatz,Harthof,495
Scheidplatz,Hauptbahnhof,438
Scheidplatz,Heimeranplatz,429
Scheidplatz,Hohenzollernplatz,440
Scheidplatz,Holzapfelkreuth,449
Scheidplatz,Implerstrasse,420
Scheidplatz,Innsbrucker Ring,394
Scheidplatz,Isartor,435
Scheidplatz,Josephsburg,532
Scheidplatz,Karlsplatz,451
Scheidplatz,Klinikum Grosshadern,467
Scheidplatz,Kolumbusplatz,431
Scheidplatz,Laim,460
Scheidplatz,Laimer Platz,469
Scheidplatz,Mangfallplatz,507
Scheidplatz,Max-Weber-Platz,468
Scheidplatz,Messestadt Ost,470
Scheidplatz,Milbertshofen,457
Scheidplatz,Moosach,502
Scheidplatz,Munchner Freiheit,393
Scheidplatz,Neuperlach Sud,439
Scheidplatz,Neuperlach Zentrum,434
Scheidplatz,Nordfriedhof,558
Scheidplatz,Obermenzing,489
Scheidplatz,Obersendling,465
Scheidplatz,Olympia Einkaufszentrum,456
Scheidplatz,Olympiazentrum,422
Scheidplatz,Ostbahnhof,433
Scheidplatz,Pasing,507
Scheidplatz,Perlach,486
Scheidplatz,Rotkreuzplatz,435
Scheidplatz,Sendlinger Tor,494
Scheidplatz,Studentenstadt,487
Scheidplatz,Thalkirchen,413
Scheidplatz,Theresienstrasse,462
Scheidplatz,Trudering,470
Scheidplatz,Universitat,422
Scheidplatz,Westfriedhof,431
Scheidplatz,Westpark,422
Sendlinger Tor,Arabellapark,410
Sendlinger Tor,Bohmerwaldplatz,469
Sendlinger Tor,Donnersbergerbrucke,508
Sendlinger Tor,Feldmoching,408
Sendlinger Tor,Frankfurter Ring,477
Sendlinger Tor,Freimann,461
Sendlinger Tor,Frottmaning,449
Sendlinger Tor,Furstenried West,461
Sendlinger Tor,Giesing,466
Sendlinger Tor,Harras,503
Sendlinger Tor,Harthof,470
Sendlinger Tor,Hauptbahnhof,452
Sendlinger Tor,Heimeranplatz,411
Sendlinger Tor,Hohenzollernplatz,438
Sendlinger Tor,Holzapfelkreuth,461
Sendlinger Tor,Implerstrasse,448
Sendlinger Tor,Innsbrucker Ring,405
Sendlinger Tor,Isartor,427
Sendlinger Tor,Josephsburg,458
Sendlinger Tor,Karlsplatz,464
Sendlinger Tor,Klinikum Grosshadern,445
Sendlinger Tor,Kolumbusplatz,449
Sendlinger Tor,Laim,468
Sendlinger Tor,Laimer Platz,448
Sendlinger Tor,Mangfallplatz,499
Sendlinger Tor,Max-Weber-Platz,442
Sendlinger Tor,Messestadt Ost,451
Sendlinger Tor,Milbertshofen,418
Sendlinger Tor,Moosach,463
Sendlinger Tor,Munchner Freiheit,365
Sendlinger Tor,Neuperlach Sud,442
Sendlinger Tor,Neuperlach Zentrum,460
Sendlinger Tor,Nordfriedhof,494
Sendlinger Tor,Obermenzing,462
Sendlinger Tor,Obersendling,447
Sendlinger Tor,Olympia Einkaufszentrum,428
Sendlinger Tor,Olympiazentrum,462
Sendlinger Tor,Ostbahnhof,420
Sendlinger Tor,Pasing,446
Sendlinger Tor,Perlach,431
Sendlinger Tor,Rotkreuzplatz,423
Sendlinger Tor,Scheidplatz,517
Sendlinger Tor,Studentenstadt,483
Sendlinger Tor,Thalkirchen,412
Sendlinger Tor,Theresienstrasse,430
Sendlinger Tor,Trudering,455
Sendlinger Tor,Universitat,426
Sendlinger Tor,Westfriedhof,453
Sendlinger Tor,Westpark,426
Studentenstadt,Arabellapark,414
Studentenstadt,Bohmerwaldplatz,444
Studentenstadt,Donnersbergerbrucke,478
Studentenstadt,Feldmoching,424
Studentenstadt,Frankfurter Ring,383
Studentenstadt,Freimann,478
Studentenstadt,Frottmaning,417
Studentenstadt,Furstenried West,434
Studentenstadt,Giesing,439
Studentenstadt,Harras,481
Studentenstadt,Harthof,435
Studentenstadt,Hauptbahnhof,390
Studentenstadt,Heimeranplatz,404
Studentenstadt,Hohenzollernplatz,424
Studentenstadt,Holzapfelkreuth,469
Studentenstadt,Implerstrasse,422
Studentenstadt,Innsbrucker Ring,392
Studentenstadt,Isartor,473
Studentenstadt,Josephsburg,466
Studentenstadt,Karlsplatz,446
Studentenstadt,Klinikum Grosshadern,415
Studentenstadt,Kolumbusplatz,421
Studentenstadt,Laim,434
Studentenstadt,Laimer Platz,472
Studentenstadt,Mangfallplatz,445
Studentenstadt,Max-Weber-Platz,447
Studentenstadt,Messestadt Ost,439
Studentenstadt,Milbertshofen,400
Studentenstadt,Moosach,420
Studentenstadt,Munchner Freiheit,379
Studentenstadt,Neuperlach Sud,442
Studentenstadt,Neuperlach Zentrum,470
Studentenstadt,Nordfriedhof,472
Studentenstadt,Obermenzing,462
Studentenstadt,Obersendling,454
Studentenstadt,Olympia Einkaufszentrum,445
Studentenstadt,Olympiazentrum,437
Studentenstadt,Ostbahnhof,407
Studentenstadt,Pasing,485
Studentenstadt,Perlach,458
Studentenstadt,Rotkreuzplatz,438
Studentenstadt,Scheidplatz,485
Studentenstadt,Sendlinger Tor,441
Studentenstadt,Thalkirchen,394
Studentenstadt,Theresienstrasse,439
Studentenstadt,Trudering,449
Studentenstadt,Universitat,415
Studentenstadt,Westfriedhof,407
Studentenstadt,Westpark,394
Thalkirchen,Arabellapark,441
Thalkirchen,Bohmerwaldplatz,487
Thalkirchen,Donnersbergerbrucke,514
Thalkirchen,Feldmoching,416
Thalkirchen,Frankfurter Ring,426
Thalkirchen,Freimann,485
Thalkirchen,Frottmaning,466
Thalkirchen,Furstenried West,416
Thalkirchen,Giesing,400
Thalkirchen,Harras,420
Thalkirchen,Harthof,470
Thalkirchen,Hauptbahnhof,400
Thalkirchen,Heimeranplatz,434
Thalkirchen,Hohenzollernplatz,473
Thalkirchen,Holzapfelkreuth,469
Thalkirchen,Implerstrasse,428
Thalkirchen,Innsbrucker Ring,373
Thalkirchen,Isartor,466
Thalkirchen,Josephsburg,487
Thalkirchen,Karlsplatz,427
Thalkirchen,Klinikum Grosshadern,423
Thalkirchen,Kolumbusplatz,416
Thalkirchen,Laim,425
Thalkirchen,Laimer Platz,470
Thalkirchen,Mangfallplatz,479
Thalkirchen,Max-Weber-Platz,491
Thalkirchen,Messestadt Ost,456
Thalkirchen,Milbertshofen,405
Thalkirchen,Moosach,447
Thalkirchen,Munchner Freiheit,372
Thalkirchen,Neuperlach Sud,412
Thalkirchen,Neuperlach Zentrum,457
Thalkirchen,Nordfriedhof,491
Thalkirchen,Obermenzing,464
Thalkirchen,Obersendling,433
Thalkirchen,Olympia Einkaufszentrum,437
Thalkirchen,Olympiazentrum,409
Thalkirchen,Ostbahnhof,433
Thalkirchen,Pasing,454
Thalkirchen,Perlach,487
Thalkirchen,Rotkreuzplatz,443
Thalkirchen,Scheidplatz,470
Thalkirchen,Sendlinger Tor,456
Thalkirchen,Studentenstadt,458
Thalkirchen,Theresienstrasse,440
Thalkirchen,Trudering,432
Thalkirchen,Universitat,411
Thalkirchen,Westfriedhof,456
Thalkirchen,Westpark,405
Theresienstrasse,Arabellapark,472
Theresienstrasse,Bohmerwaldplatz,454
Theresienstrasse,Donnersbergerbrucke,502
Theresienstrasse,Feldmoching,454
Theresienstrasse,Frankfurter Ring,451
Theresienstrasse,Freimann,515
Theresienstrasse,Frottmaning,484
Theresienstrasse,Furstenried West,479
Theresienstrasse,Giesing,460
Theresienstrasse,Harras,506
Theresienstrasse,Harthof,512
Theresienstrasse,Hauptbahnhof,468
Theresienstrasse,Heimeranplatz,466
Theresienstrasse,Hohenzollernplatz,488
Theresienstrasse,Holzapfelkreuth,491
Theresienstrasse,Implerstrasse,407
Theresienstrasse,Innsbrucker Ring,446
Theresienstrasse,Isartor,430
Theresienstrasse,Josephsburg,492
Theresienstrasse,Karlsplatz,504
Theresienstrasse,Klinikum Grosshadern,443
Theresienstrasse,Kolumbusplatz,460
Theresienstrasse,Laim,448
Theresienstrasse,Laimer Platz,548
Theresienstrasse,Mangfallplatz,524
Theresienstrasse,Max-Weber-Platz,516
Theresienstrasse,Messestadt Ost,540
Theresienstrasse,Milbertshofen,453
Theresienstrasse,Moosach,462
Theresienstrasse,Munchner Freiheit,425
Theresienstrasse,Neuperlach Sud,456
Theresienstrasse,Neuperlach Zentrum,460
Theresienstrasse,Nordfriedhof,482
Theresienstrasse,Obermenzing,470
Theresienstrasse,Obersendling,488
Theresienstrasse,Olympia Einkaufszentrum,470
Theresienstrasse,Olympiazentrum,446
Theresienstrasse,Ostbahnhof,443
Theresienstrasse,Pasing,514
Theresienstrasse,Perlach,514
Theresienstrasse,Rotkreuzplatz,497
Theresienstrasse,Scheidplatz,521
Theresienstrasse,Sendlinger Tor,513
Theresienstrasse,Studentenstadt,439
Theresienstrasse,Thalkirchen,439
Theresienstrasse,Trudering,454
Theresienstrasse,Universitat,444
Theresienstrasse,Westfriedhof,470
Theresienstrasse,Westpark,438
Trudering,Arabellapark,442
Trudering,Bohmerwaldplatz,506
Trudering,Donnersbergerbrucke,533
Trudering,Feldmoching,415
Trudering,Frankfurter Ring,454
Trudering,Freimann,520
Trudering,Frottmaning,524
Trudering,Furstenried West,514
Trudering,Giesing,525
Trudering,Harras,499
Trudering,Harthof,518
Trudering,Hauptbahnhof,464
Trudering,Heimeranplatz,498
Trudering,Hohenzollernplatz,465
Trudering,Holzapfelkreuth,504
Trudering,Implerstrasse,463
Trudering,Innsbrucker Ring,465
Trudering,Isartor,481
Trudering,Josephsburg,538
Trudering,Karlsplatz,489
Trudering,Klinikum Grosshadern,495
Trudering,Kolumbusplatz,475
Trudering,Laim,468
Trudering,Laimer Platz,516
Trudering,Mangfallplatz,515
Trudering,Max-Weber-Platz,495
Trudering,Messestadt Ost,493
Trudering,Milbertshofen,453
Trudering,Moosach,473
Trudering,Munchner Freiheit,468
Trudering,Neuperlach Sud,489
Trudering,Neuperlach Zentrum,525
Trudering,Nordfriedhof,491
Trudering,Obermenzing,533
Trudering,Obersendling,498
Trudering,Olympia Einkaufszentrum,465
Trudering,Olympiazentrum,461
Trudering,Ostbahnhof,490
Trudering,Pasing,506
Trudering,Perlach,488
Trudering,Rotkreuzplatz,478
Trudering,Scheidplatz,522
Trudering,Sendlinger Tor,532
Trudering,Studentenstadt,530
Trudering,Thalkirchen,450
Trudering,Theresienstrasse,472
Trudering,Universitat,444
Trudering,Westfriedhof,443
Trudering,Westpark,434
Universitat,Arabellapark,459
Universitat,Bohmerwaldplatz,517
Universitat,Donnersbergerbrucke,536
Universitat,Feldmoching,476
Universitat,Frankfurter Ring,512
Universitat,Freimann,578
Universitat,Frottmaning,549
Universitat,Furstenried West,496
Universitat,Giesing,493
Universitat,Harras,522
Universitat,Harthof,582
Universitat,Hauptbahnhof,460
Universitat,Heimeranplatz,489
Universitat,Hohenzollernplatz,521
Universitat,Holzapfelkreuth,517
Universitat,Implerstrasse,478
Universitat,Innsbrucker Ring,466
Universitat,Isartor,545
Universitat,Josephsburg,575
Universitat,Karlsplatz,511
Universitat,Klinikum Grosshadern,476
Universitat,Kolumbusplatz,486
Universitat,Laim,501
Universitat,Laimer Platz,523
Universitat,Mangfallplatz,559
Universitat,Max-Weber-Platz,530
Universitat,Messestadt Ost,511
Universitat,Milbertshofen,481
Universitat,Moosach,485
Universitat,Munchner Freiheit,454
Universitat,Neuperlach Sud,539
Universitat,Neuperlach Zentrum,571
Universitat,Nordfriedhof,561
Universitat,Obermenzing,540
Universitat,Obersendling,513
Universitat,Olympia Einkaufszentrum,491
Universitat,Olympiazentrum,463
Universitat,Ostbahnhof,451
Universitat,Pasing,513
Universitat,Perlach,494
Universitat,Rotkreuzplatz,504
Universitat,Scheidplatz,594
Universitat,Sendlinger Tor,533
Universitat,Studentenstadt,549
Universitat,Thalkirchen,454
Universitat,Theresienstrasse,547
Universitat,Trudering,502
Universitat,Westfriedhof,478
Universitat,Westpark,436
Westfriedhof,Arabellapark,504
Westfriedhof,Bohmerwaldplatz,558
Westfriedhof,Donnersbergerbrucke,612
Westfriedhof,Feldmoching,465
Westfriedhof,Frankfurter Ring,524
Westfriedhof,Freimann,557
Westfriedhof,Frottmaning,552
Westfriedhof,Furstenried West,506
Westfriedhof,Giesing,505
Westfriedhof,Harras,575
Westfriedhof,Harthof,592
Westfriedhof,Hauptbahnhof,497
Westfriedhof,Heimeranplatz,483
Westfriedhof,Hohenzollernplatz,479
Westfriedhof,Holzapfelkreuth,505
Westfriedhof,Implerstrasse,503
Westfriedhof,Innsbrucker Ring,492
Westfriedhof,Isartor,533
Westfriedhof,Josephsburg,554
Westfriedhof,Karlsplatz,530
Westfriedhof,Klinikum Grosshadern,512
Westfriedhof,Kolumbusplatz,481
Westfriedhof,Laim,526
Westfriedhof,Laimer Platz,544
Westfriedhof,Mangfallplatz,569
Westfriedhof,Max-Weber-Platz,590
Westfriedhof,Messestadt Ost,558
Westfriedhof,Milbertshofen,445
Westfriedhof,Moosach,509
Westfriedhof,Munchner Freiheit,483
Westfriedhof,Neuperlach Sud,514
Westfriedhof,Neuperlach Zentrum,559
Westfriedhof,Nordfriedhof,581
Westfriedhof,Obermenzing,550
Westfriedhof,Obersendling,487
Westfriedhof,Olympia Einkaufszentrum,530
Westfriedhof,Olympiazentrum,508
Westfriedhof,Ostbahnhof,511
Westfriedhof,Pasing,505
Westfriedhof,Perlach,558
Westfriedhof,Rotkreuzplatz,548
Westfriedhof,Scheidplatz,552
Westfriedhof,Sendlinger Tor,583
Westfriedhof,Studentenstadt,534
Westfriedhof,Thalkirchen,509
Westfriedhof,Theresienstrasse,555
Westfriedhof,Trudering,507
Westfriedhof,Universitat,483
Westfriedhof,Westpark,512
Westpark,Arabellapark,424
Westpark,Bohmerwaldplatz,484
Westpark,Donnersbergerbrucke,477
Westpark,Feldmoching,424
Westpark,Frankfurter Ring,426
Westpark,Freimann,494
Westpark,Frottmaning,511
Westpark,Furstenried West,475
Westpark,Giesing,495
Westpark,Harras,480
Westpark,Harthof,458
Westpark,Hauptbahnhof,404
Westpark,Heimeranplatz,459
Westpark,Hohenzollernplatz,493
Westpark,Holzapfelkreuth,461
Westpark,Implerstrasse,415
Westpark,Innsbrucker Ring,406
Westpark,Isartor,494
Westpark,Josephsburg,515
Westpark,Karlsplatz,449
Westpark,Klinikum Grosshadern,436
Westpark,Kolumbusplatz,432
Westpark,Laim,455
Westpark,Laimer Platz,502
Westpark,Mangfallplatz,509
Westpark,Max-Weber-Platz,443
Westpark,Messestadt Ost,452
Westpark,Milbertshofen,454
Westpark,Moosach,455
Westpark,Munchner Freiheit,417
Westpark,Neuperlach Sud,439
Westpark,Neuperlach Zentrum,482
Westpark,Nordfriedhof,518
Westpark,Obermenzing,490
Westpark,Obersendling,478
Westpark,Olympia Einkaufszentrum,452
Westpark,Olympiazentrum,424
Westpark,Ostbahnhof,419
Westpark,Pasing,437
Westpark,Perlach,477
Westpark,Rotkreuzplatz,475
Westpark,Scheidplatz,530
Westpark,Sendlinger Tor,534
Westpark,Studentenstadt,478
Westpark,Thalkirchen,429
Westpark,Theresienstrasse,515
Westpark,Trudering,457
Westpark,Universitat,415
Westpark,Westfriedhof,462
