origen,destino,conteo viajeros
Arabellapark,Bohmerwaldplatz,488
Arabellapark,Donnersbergerbrucke,622
Arabellapark,Feldmoching,560
Arabellapark,Frankfurter Ring,422
Arabellapark,Freimann,532
Arabellapark,Frottmaning,487
Arabellapark,Furstenried West,513
Arabellapark,Giesing,542
Arabellapark,Harras,523
Arabellapark,Harthof,457
Arabellapark,Hauptbahnhof,733
Arabellapark,Heimeranplatz,467
Arabellapark,Hohenzollernplatz,492
Arabellapark,Holzapfelkreuth,624
Arabellapark,Implerstrasse,569
Arabellapark,Innsbrucker Ring,635
Arabellapark,Isartor,488
Arabellapark,Josephsburg,529
Arabellapark,Karlsplatz,775
Arabellapark,Klinikum Grosshadern,456
Arabellapark,Kolumbusplatz,447
Arabellapark,Laim,476
Arabellapark,Laimer Platz,539
Arabellapark,Mangfallplatz,528
Arabellapark,Max-Weber-Platz,524
Arabellapark,Messestadt Ost,700
Arabellapark,Milbertshofen,443
Arabellapark,Moosach,448
Arabellapark,Munchner Freiheit,570
Arabellapark,Neuperlach Sud,584
Arabellapark,Neuperlach Zentrum,774
Arabellapark,Nordfriedhof,568
Arabellapark,Obermenzing,499
Arabellapark,Obersendling,509
Arabellapark,Olympia Einkaufszentrum,833
Arabellapark,Olympiazentrum,653
Arabellapark,Ostbahnhof,708
Arabellapark,Pasing,841
Arabellapark,Perlach,442
Arabellapark,Rotkreuzplatz,602
Arabellapark,Scheidplatz,575
Arabellapark,Sendlinger Tor,793
Arabellapark,Studentenstadt,637
Arabellapark,Thalkirchen,473
Arabellapark,Theresienstrasse,786
Arabellapark,Trudering,481
Arabellapark,Universitat,788
Arabellapark,Westfriedhof,503
Arabellapark,Westpark,428
Bohmerwaldplatz,Arabellapark,378
Bohmerwaldplatz,Donnersbergerbrucke,611
Bohmerwaldplatz,Feldmoching,509
Bohmerwaldplatz,Frankfurter Ring,447
Bohmerwaldplatz,Freimann,490
Bohmerwaldplatz,Frottmaning,462
Bohmerwaldplatz,Furstenried West,447
Bohmerwaldplatz,Giesing,551
Bohmerwaldplatz,Harras,461
Bohmerwaldplatz,Harthof,427
Bohmerwaldplatz,Hauptbahnhof,775
Bohmerwaldplatz,Heimeranplatz,436
Bohmerwaldplatz,Hohenzollernplatz,476
Bohmerwaldplatz,Holzapfelkreuth,556
Bohmerwaldplatz,Implerstrasse,498
Bohmerwaldplatz,Innsbrucker Ring,540
Bohmerwaldplatz,Isartor,488
Bohmerwaldplatz,Josephsburg,492
Bohmerwaldplatz,Karlsplatz,746
Bohmerwaldplatz,Klinikum Grosshadern,444
Bohmerwaldplatz,Kolumbusplatz,446
Bohmerwaldplatz,Laim,391
Bohmerwaldplatz,Laimer Platz,528
Bohmerwaldplatz,Mangfallplatz,496
Bohmerwaldplatz,Max-Weber-Platz,458
Bohmerwaldplatz,Messestadt Ost,646
Bohmerwaldplatz,Milbertshofen,435
Bohmerwaldplatz,Moosach,441
Bohmerwaldplatz,Munchner Freiheit,542
Bohmerwaldplatz,Neuperlach Sud,561
Bohmerwaldplatz,Neuperlach Zentrum,708
Bohmerwaldplatz,Nordfriedhof,486
Bohmerwaldplatz,Obermenzing,492
Bohmerwaldplatz,Obersendling,430
Bohmerwaldplatz,Olympia Einkaufszentrum,714
Bohmerwaldplatz,Olympiazentrum,602
Bohmerwaldplatz,Ostbahnhof,688
Bohmerwaldplatz,Pasing,729
Bohmerwaldplatz,Perlach,407
Bohmerwaldplatz,Rotkreuzplatz,583
Bohmerwaldplatz,Scheidplatz,501
Bohmerwaldplatz,Sendlinger Tor,800
Bohmerwaldplatz,Studentenstadt,595
Bohmerwaldplatz,Thalkirchen,392
Bohmerwaldplatz,Theresienstrasse,718
Bohmerwaldplatz,Trudering,469
Bohmerwaldplatz,Universitat,716
Bohmerwaldplatz,Westfriedhof,422
Bohmerwaldplatz,Westpark,412
Donnersbergerbrucke,Arabellapark,440
Donnersbergerbrucke,Bohmerwaldplatz,419
Donnersbergerbrucke,Feldmoching,491
Donnersbergerbrucke,Frankfurter Ring,455
Donnersbergerbrucke,Freimann,486
Donnersbergerbrucke,Frottmaning,483
Donnersbergerbrucke,Furstenried West,459
Donnersbergerbrucke,Giesing,604
Donnersbergerbrucke,Harras,486
Donnersbergerbrucke,Harthof,426
Donnersbergerbrucke,Hauptbahnhof,748
Donnersbergerbrucke,Heimeranplatz,432
Donnersbergerbrucke,Hohenzollernplatz,441
Donnersbergerbrucke,Holzapfelkreuth,566
Donnersbergerbrucke,Implerstrasse,529
Donnersbergerbrucke,Innsbrucker Ring,583
Donnersbergerbrucke,Isartor,465
Donnersbergerbrucke,Josephsburg,521
Donnersbergerbrucke,Karlsplatz,742
Donnersbergerbrucke,Klinikum Grosshadern,448
Donnersbergerbrucke,Kolumbusplatz,392
Donnersbergerbrucke,Laim,429
Donnersbergerbrucke,Laimer Platz,537
Donnersbergerbrucke,Mangfallplatz,447
Donnersbergerbrucke,Max-Weber-Platz,461
Donnersbergerbrucke,Messestadt Ost,594
Donnersbergerbrucke,Milbertshofen,419
Donnersbergerbrucke,Moosach,452
Donnersbergerbrucke,Munchner Freiheit,570
Donnersbergerbrucke,Neuperlach Sud,549
Donnersbergerbrucke,Neuperlach Zentrum,707
Donnersbergerbrucke,Nordfriedhof,498
Donnersbergerbrucke,Obermenzing,502
Donnersbergerbrucke,Obersendling,425
Donnersbergerbrucke,Olympia Einkaufszentrum,782
Donnersbergerbrucke,Olympiazentrum,610
Donnersbergerbrucke,Ostbahnhof,657
Donnersbergerbrucke,Pasing,812
Donnersbergerbrucke,Perlach,378
Donnersbergerbrucke,Rotkreuzplatz,558
Donnersbergerbrucke,Scheidplatz,467
Donnersbergerbrucke,Sendlinger Tor,771
Donnersbergerbrucke,Studentenstadt,592
Donnersbergerbrucke,Thalkirchen,430
Donnersbergerbrucke,Theresienstrasse,746
Donnersbergerbrucke,Trudering,458
Donnersbergerbrucke,Universitat,663
Donnersbergerbrucke,Westfriedhof,441
Donnersbergerbrucke,Westpark,419
Feldmoching,Arabellapark,636
Feldmoching,Bohmerwaldplatz,741
Feldmoching,Donnersbergerbrucke,1166
Feldmoching,Frankfurter Ring,724
Feldmoching,Freimann,834
Feldmoching,Frottmaning,730
Feldmoching,Furstenried West,721
Feldmoching,Giesing,1104
Feldmoching,Harras,770
Feldmoching,Harthof,565
Feldmoching,Hauptbahnhof,1775
Feldmoching,Heimeranplatz,724
Feldmoching,Hohenzollernplatz,800
Feldmoching,Holzapfelkreuth,1172
Feldmoching,Implerstrasse,1062
Feldmoching,Innsbrucker Ring,1234
Feldmoching,Isartor,776
Feldmoching,Josephsburg,817
Feldmoching,Karlsplatz,1676
Feldmoching,Klinikum Grosshadern,700
Feldmoching,Kolumbusplatz,708
Feldmoching,Laim,743
Feldmoching,Laimer Platz,990
Feldmoching,Mangfallplatz,845
Feldmoching,Max-Weber-Platz,785
Feldmoching,Messestadt Ost,1353
Feldmoching,Milbertshofen,733
Feldmoching,Moosach,718
Feldmoching,Munchner Freiheit,1122
Feldmoching,Neuperlach Sud,1110
Feldmoching,Neuperlach Zentrum,1545
Feldmoching,Nordfriedhof,824
Feldmoching,Obermenzing,773
Feldmoching,Obersendling,756
Feldmoching,Olympia Einkaufszentrum,1754
Feldmoching,Olympiazentrum,1318
Feldmoching,Ostbahnhof,1588
Feldmoching,Pasing,1759
Feldmoching,Perlach,546
Feldmoching,Rotkreuzplatz,1162
Feldmoching,Scheidplatz,784
Feldmoching,Sendlinger Tor,1837
Feldmoching,Studentenstadt,1232
Feldmoching,Thalkirchen,694
Feldmoching,Theresienstrasse,1626
Feldmoching,Trudering,696
Feldmoching,Universitat,1581
Feldmoching,Westfriedhof,729
Feldmoching,Westpark,701
Frankfurter Ring,Arabellapark,393
Frankfurter Ring,Bohmerwaldplatz,473
Frankfurter Ring,Donnersbergerbrucke,650
Frankfurter Ring,Feldmoching,494
Frankfurter Ring,Freimann,511
Frankfurter Ring,Frottmaning,443
Frankfurter Ring,Furstenried West,502
Frankfurter Ring,Giesing,539
Frankfurter Ring,Harras,490
Frankfurter Ring,Harthof,380
Frankfurter Ring,Hauptbahnhof,756
Frankfurter Ring,Heimeranplatz,420
Frankfurter Ring,Hohenzollernplatz,454
Frankfurter Ring,Holzapfelkreuth,589
Frankfurter Ring,Implerstrasse,578
Frankfurter Ring,Innsbrucker Ring,594
Frankfurter Ring,Isartor,489
Frankfurter Ring,Josephsburg,481
Frankfurter Ring,Karlsplatz,748
Frankfurter Ring,Klinikum Grosshadern,414
Frankfurter Ring,Kolumbusplatz,394
Frankfurter Ring,Laim,438
Frankfurter Ring,Laimer Platz,530
Frankfurter Ring,Mangfallplatz,478
Frankfurter Ring,Max-Weber-Platz,482
Frankfurter Ring,Messestadt Ost,693
Frankfurter Ring,Milbertshofen,419
Frankfurter Ring,Moosach,425
Frankfurter Ring,Munchner Freiheit,592
Frankfurter Ring,Neuperlach Sud,530
Frankfurter Ring,Neuperlach Zentrum,703
Frankfurter Ring,Nordfriedhof,492
Frankfurter Ring,Obermenzing,512
Frankfurter Ring,Obersendling,454
Frankfurter Ring,Olympia Einkaufszentrum,783
Frankfurter Ring,Olympiazentrum,617
Frankfurter Ring,Ostbahnhof,669
Frankfurter Ring,Pasing,766
Frankfurter Ring,Perlach,419
Frankfurter Ring,Rotkreuzplatz,526
Frankfurter Ring,Scheidplatz,486
Frankfurter Ring,Sendlinger Tor,831
Frankfurter Ring,Studentenstadt,603
Frankfurter Ring,Thalkirchen,420
Frankfurter Ring,Theresienstrasse,710
Frankfurter Ring,Trudering,454
Frankfurter Ring,Universitat,683
Frankfurter Ring,Westfriedhof,464
Frankfurter Ring,Westpark,410
Freimann,Arabellapark,465
Freimann,Bohmerwaldplatz,495
Freimann,Donnersbergerbrucke,599
Freimann,Feldmoching,519
Freimann,Frankfurter Ring,462
Freimann,Frottmaning,506
Freimann,Furstenried West,449
Freimann,Giesing,638
Freimann,Harras,535
Freimann,Harthof,481
Freimann,Hauptbahnhof,771
Freimann,Heimeranplatz,467
Freimann,Hohenzollernplatz,462
Freimann,Holzapfelkreuth,599
Freimann,Implerstrasse,564
Freimann,Innsbrucker Ring,616
Freimann,Isartor,475
Freimann,Josephsburg,497
Freimann,Karlsplatz,810
Freimann,Klinikum Grosshadern,457
Freimann,Kolumbusplatz,461
Freimann,Laim,486
Freimann,Laimer Platz,570
Freimann,Mangfallplatz,542
Freimann,Max-Weber-Platz,515
Freimann,Messestadt Ost,694
Freimann,Milbertshofen,449
Freimann,Moosach,476
Freimann,Munchner Freiheit,562
Freimann,Neuperlach Sud,548
Freimann,Neuperlach Zentrum,745
Freimann,Nordfriedhof,492
Freimann,Obermenzing,523
Freimann,Obersendling,448
Freimann,Olympia Einkaufszentrum,811
Freimann,Olympiazentrum,590
Freimann,Ostbahnhof,770
Freimann,Pasing,790
Freimann,Perlach,423
Freimann,Rotkreuzplatz,537
Freimann,Scheidplatz,513
Freimann,Sendlinger Tor,806
Freimann,Studentenstadt,610
Freimann,Thalkirchen,440
Freimann,Theresienstrasse,775
Freimann,Trudering,488
Freimann,Universitat,787
Freimann,Westfriedhof,457
Freimann,Westpark,421
Frottmaning,Arabellapark,472
Frottmaning,Bohmerwaldplatz,505
Frottmaning,Donnersbergerbrucke,733
Frottmaning,Feldmoching,643
Frottmaning,Frankfurter Ring,487
Frottmaning,Freimann,569
Frottmaning,Furstenried West,519
Frottmaning,Giesing,616
Frottmaning,Harras,600
Frottmaning,Harthof,444
Frottmaning,Hauptbahnhof,884
Frottmaning,Heimeranplatz,472
Frottmaning,Hohenzollernplatz,500
Frottmaning,Holzapfelkreuth,646
Frottmaning,Implerstrasse,627
Frottmaning,Innsbrucker Ring,663
Frottmaning,Isartor,533
Frottmaning,Josephsburg,571
Frottmaning,Karlsplatz,865
Frottmaning,Klinikum Grosshadern,502
Frottmaning,Kolumbusplatz,479
Frottmaning,Laim,504
Frottmaning,Laimer Platz,655
Frottmaning,Mangfallplatz,546
Frottmaning,Max-Weber-Platz,549
Frottmaning,Messestadt Ost,760
Frottmaning,Milbertshofen,484
Frottmaning,Moosach,491
Frottmaning,Munchner Freiheit,666
Frottmaning,Neuperlach Sud,615
Frottmaning,Neuperlach Zentrum,781
Frottmaning,Nordfriedhof,601
Frottmaning,Obermenzing,586
Frottmaning,Obersendling,474
Frottmaning,Olympia Einkaufszentrum,915
Frottmaning,Olympiazentrum,687
Frottmaning,Ostbahnhof,833
Frottmaning,Pasing,869
Frottmaning,Perlach,514
Frottmaning,Rotkreuzplatz,650
Frottmaning,Scheidplatz,554
Frottmaning,Sendlinger Tor,825
Frottmaning,Studentenstadt,691
Frottmaning,Thalkirchen,480
Frottmaning,Theresienstrasse,839
Frottmaning,Trudering,470
Frottmaning,Universitat,784
Frottmaning,Westfriedhof,514
Frottmaning,Westpark,448
Furstenried West,Arabellapark,417
Furstenried West,Bohmerwaldplatz,478
Furstenried West,Donnersbergerbrucke,635
Furstenried West,Feldmoching,602
Furstenried West,Frankfurter Ring,498
Furstenried West,Freimann,560
Furstenried West,Frottmaning,514
Furstenried West,Giesing,612
Furstenried West,Harras,511
Furstenried West,Harthof,414
Furstenried West,Hauptbahnhof,792
Furstenried West,Heimeranplatz,514
Furstenried West,Hohenzollernplatz,529
Furstenried West,Holzapfelkreuth,667
Furstenried West,Implerstrasse,568
Furstenried West,Innsbrucker Ring,688
Furstenried West,Isartor,523
Furstenried West,Josephsburg,516
Furstenried West,Karlsplatz,791
Furstenried West,Klinikum Grosshadern,503
Furstenried West,Kolumbusplatz,432
Furstenried West,Laim,468
Furstenried West,Laimer Platz,574
Furstenried West,Mangfallplatz,550
Furstenried West,Max-Weber-Platz,489
Furstenried West,Messestadt Ost,754
Furstenried West,Milbertshofen,461
Furstenried West,Moosach,512
Furstenried West,Munchner Freiheit,618
Furstenried West,Neuperlach Sud,592
Furstenried West,Neuperlach Zentrum,797
Furstenried West,Nordfriedhof,506
Furstenried West,Obermenzing,550
Furstenried West,Obersendling,450
Furstenried West,Olympia Einkaufszentrum,854
Furstenried West,Olympiazentrum,669
Furstenried West,Ostbahnhof,763
Furstenried West,Pasing,827
Furstenried West,Perlach,472
Furstenried West,Rotkreuzplatz,580
Furstenried West,Scheidplatz,528
Furstenried West,Sendlinger Tor,872
Furstenried West,Studentenstadt,672
Furstenried West,Thalkirchen,432
Furstenried West,Theresienstrasse,799
Furstenried West,Trudering,469
Furstenried West,Universitat,755
Furstenried West,Westfriedhof,471
Furstenried West,Westpark,402
Giesing,Arabellapark,542
Giesing,Bohmerwaldplatz,632
Giesing,Donnersbergerbrucke,981
Giesing,Feldmoching,859
Giesing,Frankfurter Ring,653
Giesing,Freimann,708
Giesing,Frottmaning,696
Giesing,Furstenried West,622
Giesing,Harras,686
Giesing,Harthof,548
Giesing,Hauptbahnhof,1447
Giesing,Heimeranplatz,619
Giesing,Hohenzollernplatz,651
Giesing,Holzapfelkreuth,1011
Giesing,Implerstrasse,952
Giesing,Innsbrucker Ring,1050
Giesing,Isartor,702
Giesing,Josephsburg,724
Giesing,Karlsplatz,1353
Giesing,Klinikum Grosshadern,605
Giesing,Kolumbusplatz,580
Giesing,Laim,633
Giesing,Laimer Platz,909
Giesing,Mangfallplatz,726
Giesing,Max-Weber-Platz,704
Giesing,Messestadt Ost,1124
Giesing,Milbertshofen,582
Giesing,Moosach,615
Giesing,Munchner Freiheit,987
Giesing,Neuperlach Sud,921
Giesing,Neuperlach Zentrum,1268
Giesing,Nordfriedhof,708
Giesing,Obermenzing,748
Giesing,Obersendling,630
Giesing,Olympia Einkaufszentrum,1489
Giesing,Olympiazentrum,1075
Giesing,Ostbahnhof,1305
Giesing,Pasing,1480
Giesing,Perlach,498
Giesing,Rotkreuzplatz,954
Giesing,Scheidplatz,760
Giesing,Sendlinger Tor,1456
Giesing,Studentenstadt,1069
Giesing,Thalkirchen,627
Giesing,Theresienstrasse,1442
Giesing,Trudering,642
Giesing,Universitat,1300
Giesing,Westfriedhof,664
Giesing,Westpark,609
Harras,Arabellapark,368
Harras,Bohmerwaldplatz,458
Harras,Donnersbergerbrucke,583
Harras,Feldmoching,499
Harras,Frankfurter Ring,428
Harras,Freimann,508
Harras,Frottmaning,478
Harras,Furstenried West,485
Harras,Giesing,591
Harras,Harthof,445
Harras,Hauptbahnhof,714
Harras,Heimeranplatz,453
Harras,Hohenzollernplatz,461
Harras,Holzapfelkreuth,590
Harras,Implerstrasse,595
Harras,Innsbrucker Ring,539
Harras,Isartor,474
Harras,Josephsburg,490
Harras,Karlsplatz,742
Harras,Klinikum Grosshadern,443
Harras,Kolumbusplatz,423
Harras,Laim,468
Harras,Laimer Platz,561
Harras,Mangfallplatz,503
Harras,Max-Weber-Platz,492
Harras,Messestadt Ost,656
Harras,Milbertshofen,432
Harras,Moosach,465
Harras,Munchner Freiheit,553
Harras,Neuperlach Sud,547
Harras,Neuperlach Zentrum,685
Harras,Nordfriedhof,509
Harras,Obermenzing,480
Harras,Obersendling,422
Harras,Olympia Einkaufszentrum,734
Harras,Olympiazentrum,596
Harras,Ostbahnhof,706
Harras,Pasing,834
Harras,Perlach,418
Harras,Rotkreuzplatz,552
Harras,Scheidplatz,529
Harras,Sendlinger Tor,770
Harras,Studentenstadt,632
Harras,Thalkirchen,427
Harras,Theresienstrasse,707
Harras,Trudering,454
Harras,Universitat,648
Harras,Westfriedhof,463
Harras,Westpark,442
Harthof,Arabellapark,392
Harthof,Bohmerwaldplatz,353
Harthof,Donnersbergerbrucke,492
Harthof,Feldmoching,429
Harthof,Frankfurter Ring,400
Harthof,Freimann,456
Harthof,Frottmaning,401
Harthof,Furstenried West,395
Harthof,Giesing,456
Harthof,Harras,433
Harthof,Hauptbahnhof,517
Harthof,Heimeranplatz,385
Harthof,Hohenzollernplatz,442
Harthof,Holzapfelkreuth,488
Harthof,Implerstrasse,438
Harthof,Innsbrucker Ring,466
Harthof,Isartor,423
Harthof,Josephsburg,412
Harthof,Karlsplatz,581
Harthof,Klinikum Grosshadern,334
Harthof,Kolumbusplatz,386
Harthof,Laim,388
Harthof,Laimer Platz,439
Harthof,Mangfallplatz,407
Harthof,Max-Weber-Platz,456
Harthof,Messestadt Ost,479
Harthof,Milbertshofen,377
Harthof,Moosach,396
Harthof,Munchner Freiheit,421
Harthof,Neuperlach Sud,463
Harthof,Neuperlach Zentrum,502
Harthof,Nordfriedhof,407
Harthof,Obermenzing,387
Harthof,Obersendling,376
Harthof,Olympia Einkaufszentrum,566
Harthof,Olympiazentrum,489
Harthof,Ostbahnhof,465
Harthof,Pasing,573
Harthof,Perlach,382
Harthof,Rotkreuzplatz,423
Harthof,Scheidplatz,424
Harthof,Sendlinger Tor,580
Harthof,Studentenstadt,494
Harthof,Thalkirchen,378
Harthof,Theresienstrasse,542
Harthof,Trudering,427
Harthof,Universitat,524
Harthof,Westfriedhof,361
Harthof,Westpark,329
Hauptbahnhof,Arabellapark,408
Hauptbahnhof,Bohmerwaldplatz,514
Hauptbahnhof,Donnersbergerbrucke,663
Hauptbahnhof,Feldmoching,612
Hauptbahnhof,Frankfurter Ring,493
Hauptbahnhof,Freimann,540
Hauptbahnhof,Frottmaning,527
Hauptbahnhof,Furstenried West,478
Hauptbahnhof,Giesing,621
Hauptbahnhof,Harras,531
Hauptbahnhof,Harthof,480
Hauptbahnhof,Heimeranplatz,477
Hauptbahnhof,Hohenzollernplatz,514
Hauptbahnhof,Holzapfelkreuth,605
Hauptbahnhof,Implerstrasse,608
Hauptbahnhof,Innsbrucker Ring,657
Hauptbahnhof,Isartor,532
Hauptbahnhof,Josephsburg,570
Hauptbahnhof,Karlsplatz,779
Hauptbahnhof,Klinikum Grosshadern,535
Hauptbahnhof,Kolumbusplatz,448
Hauptbahnhof,Laim,453
Hauptbahnhof,Laimer Platz,652
Hauptbahnhof,Mangfallplatz,565
Hauptbahnhof,Max-Weber-Platz,506
Hauptbahnhof,Messestadt Ost,682
Hauptbahnhof,Milbertshofen,449
Hauptbahnhof,Moosach,485
Hauptbahnhof,Munchner Freiheit,636
Hauptbahnhof,Neuperlach Sud,553
Hauptbahnhof,Neuperlach Zentrum,791
Hauptbahnhof,Nordfriedhof,511
Hauptbahnhof,Obermenzing,517
Hauptbahnhof,Obersendling,464
Hauptbahnhof,Olympia Einkaufszentrum,848
Hauptbahnhof,Olympiazentrum,661
Hauptbahnhof,Ostbahnhof,787
Hauptbahnhof,Pasing,834
Hauptbahnhof,Perlach,437
Hauptbahnhof,Rotkreuzplatz,615
Hauptbahnhof,Scheidplatz,563
Hauptbahnhof,Sendlinger Tor,872
Hauptbahnhof,Studentenstadt,670
Hauptbahnhof,Thalkirchen,484
Hauptbahnhof,Theresienstrasse,793
Hauptbahnhof,Trudering,482
Hauptbahnhof,Universitat,719
Hauptbahnhof,Westfriedhof,489
Hauptbahnhof,Westpark,401
Heimeranplatz,Arabellapark,451
Heimeranplatz,Bohmerwaldplatz,507
Heimeranplatz,Donnersbergerbrucke,668
Heimeranplatz,Feldmoching,629
Heimeranplatz,Frankfurter Ring,487
Heimeranplatz,Freimann,584
Heimeranplatz,Frottmaning,534
Heimeranplatz,Furstenried West,515
Heimeranplatz,Giesing,638
Heimeranplatz,Harras,557
Heimeranplatz,Harthof,476
Heimeranplatz,Hauptbahnhof,847
Heimeranplatz,Hohenzollernplatz,539
Heimeranplatz,Holzapfelkreuth,676
Heimeranplatz,Implerstrasse,569
Heimeranplatz,Innsbrucker Ring,640
Heimeranplatz,Isartor,545
Heimeranplatz,Josephsburg,580
Heimeranplatz,Karlsplatz,867
Heimeranplatz,Klinikum Grosshadern,498
Heimeranplatz,Kolumbusplatz,486
Heimeranplatz,Laim,489
Heimeranplatz,Laimer Platz,623
Heimeranplatz,Mangfallplatz,554
Heimeranplatz,Max-Weber-Platz,542
Heimeranplatz,Messestadt Ost,710
Heimeranplatz,Milbertshofen,482
Heimeranplatz,Moosach,511
Heimeranplatz,Munchner Freiheit,652
Heimeranplatz,Neuperlach Sud,606
Heimeranplatz,Neuperlach Zentrum,836
Heimeranplatz,Nordfriedhof,576
Heimeranplatz,Obermenzing,551
Heimeranplatz,Obersendling,491
Heimeranplatz,Olympia Einkaufszentrum,832
Heimeranplatz,Olympiazentrum,683
Heimeranplatz,Ostbahnhof,808
Heimeranplatz,Pasing,911
Heimeranplatz,Perlach,475
Heimeranplatz,Rotkreuzplatz,685
Heimeranplatz,Scheidplatz,571
Heimeranplatz,Sendlinger Tor,905
Heimeranplatz,Studentenstadt,649
Heimeranplatz,Thalkirchen,478
Heimeranplatz,Theresienstrasse,858
Heimeranplatz,Trudering,510
Heimeranplatz,Universitat,840
Heimeranplatz,Westfriedhof,490
Heimeranplatz,Westpark,477
Hohenzollernplatz,Arabellapark,469
Hohenzollernplatz,Bohmerwaldplatz,468
Hohenzollernplatz,Donnersbergerbrucke,622
Hohenzollernplatz,Feldmoching,571
Hohenzollernplatz,Frankfurter Ring,479
Hohenzollernplatz,Freimann,556
Hohenzollernplatz,Frottmaning,529
Hohenzollernplatz,Furstenried West,481
Hohenzollernplatz,Giesing,593
Hohenzollernplatz,Harras,505
Hohenzollernplatz,Harthof,473
Hohenzollernplatz,Hauptbahnhof,785
Hohenzollernplatz,Heimeranplatz,449
Hohenzollernplatz,Holzapfelkreuth,611
Hohenzollernplatz,Implerstrasse,562
Hohenzollernplatz,Innsbrucker Ring,647
Hohenzollernplatz,Isartor,470
Hohenzollernplatz,Josephsburg,482
Hohenzollernplatz,Karlsplatz,762
Hohenzollernplatz,Klinikum Grosshadern,433
Hohenzollernplatz,Kolumbusplatz,463
Hohenzollernplatz,Laim,455
Hohenzollernplatz,Laimer Platz,588
Hohenzollernplatz,Mangfallplatz,516
Hohenzollernplatz,Max-Weber-Platz,508
Hohenzollernplatz,Messestadt Ost,670
Hohenzollernplatz,Milbertshofen,428
Hohenzollernplatz,Moosach,483
Hohenzollernplatz,Munchner Freiheit,628
Hohenzollernplatz,Neuperlach Sud,563
Hohenzollernplatz,Neuperlach Zentrum,800
Hohenzollernplatz,Nordfriedhof,528
Hohenzollernplatz,Obermenzing,529
Hohenzollernplatz,Obersendling,469
Hohenzollernplatz,Olympia Einkaufszentrum,808
Hohenzollernplatz,Olympiazentrum,635
Hohenzollernplatz,Ostbahnhof,724
Hohenzollernplatz,Pasing,807
Hohenzollernplatz,Perlach,418
Hohenzollernplatz,Rotkreuzplatz,533
Hohenzollernplatz,Scheidplatz,545
Hohenzollernplatz,Sendlinger Tor,852
Hohenzollernplatz,Studentenstadt,622
Hohenzollernplatz,Thalkirchen,429
Hohenzollernplatz,Theresienstrasse,775
Hohenzollernplatz,Trudering,460
Hohenzollernplatz,Universitat,732
Hohenzollernplatz,Westfriedhof,457
Hohenzollernplatz,Westpark,426
Holzapfelkreuth,Arabellapark,519
Holzapfelkreuth,Bohmerwaldplatz,556
Holzapfelkreuth,Donnersbergerbrucke,825
Holzapfelkreuth,Feldmoching,717
Holzapfelkreuth,Frankfurter Ring,529
Holzapfelkreuth,Freimann,649
Holzapfelkreuth,Frottmaning,568
Holzapfelkreuth,Furstenried West,550
Holzapfelkreuth,Giesing,771
Holzapfelkreuth,Harras,611
Holzapfelkreuth,Harthof,524
Holzapfelkreuth,Hauptbahnhof,1058
Holzapfelkreuth,Heimeranplatz,570
Holzapfelkreuth,Hohenzollernplatz,541
Holzapfelkreuth,Implerstrasse,765
Holzapfelkreuth,Innsbrucker Ring,785
Holzapfelkreuth,Isartor,555
Holzapfelkreuth,Josephsburg,577
Holzapfelkreuth,Karlsplatz,1016
Holzapfelkreuth,Klinikum Grosshadern,532
Holzapfelkreuth,Kolumbusplatz,507
Holzapfelkreuth,Laim,560
Holzapfelkreuth,Laimer Platz,744
Holzapfelkreuth,Mangfallplatz,609
Holzapfelkreuth,Max-Weber-Platz,626
Holzapfelkreuth,Messestadt Ost,862
Holzapfelkreuth,Milbertshofen,555
Holzapfelkreuth,Moosach,551
Holzapfelkreuth,Munchner Freiheit,799
Holzapfelkreuth,Neuperlach Sud,771
Holzapfelkreuth,Neuperlach Zentrum,1009
Holzapfelkreuth,Nordfriedhof,611
Holzapfelkreuth,Obermenzing,583
Holzapfelkreuth,Obersendling,558
Holzapfelkreuth,Olympia Einkaufszentrum,1088
Holzapfelkreuth,Olympiazentrum,872
Holzapfelkreuth,Ostbahnhof,983
Holzapfelkreuth,Pasing,1106
Holzapfelkreuth,Perlach,513
Holzapfelkreuth,Rotkreuzplatz,743
Holzapfelkreuth,Scheidplatz,609
Holzapfelkreuth,Sendlinger Tor,1113
Holzapfelkreuth,Studentenstadt,817
Holzapfelkreuth,Thalkirchen,541
Holzapfelkreuth,Theresienstrasse,998
Holzapfelkreuth,Trudering,562
Holzapfelkreuth,Universitat,1068
Holzapfelkreuth,Westfriedhof,540
Holzapfelkreuth,Westpark,512
Implerstrasse,Arabellapark,513
Implerstrasse,Bohmerwaldplatz,587
Implerstrasse,Donnersbergerbrucke,785
Implerstrasse,Feldmoching,733
Implerstrasse,Frankfurter Ring,556
Implerstrasse,Freimann,601
Implerstrasse,Frottmaning,570
Implerstrasse,Furstenried West,573
Implerstrasse,Giesing,763
Implerstrasse,Harras,621
Implerstrasse,Harthof,468
Implerstrasse,Hauptbahnhof,1026
Implerstrasse,Heimeranplatz,530
Implerstrasse,Hohenzollernplatz,578
Implerstrasse,Holzapfelkreuth,763
Implerstrasse,Innsbrucker Ring,802
Implerstrasse,Isartor,599
Implerstrasse,Josephsburg,565
Implerstrasse,Karlsplatz,1017
Implerstrasse,Klinikum Grosshadern,549
Implerstrasse,Kolumbusplatz,509
Implerstrasse,Laim,563
Implerstrasse,Laimer Platz,667
Implerstrasse,Mangfallplatz,617
Implerstrasse,Max-Weber-Platz,568
Implerstrasse,Messestadt Ost,887
Implerstrasse,Milbertshofen,542
Implerstrasse,Moosach,580
Implerstrasse,Munchner Freiheit,745
Implerstrasse,Neuperlach Sud,733
Implerstrasse,Neuperlach Zentrum,948
Implerstrasse,Nordfriedhof,626
Implerstrasse,Obermenzing,583
Implerstrasse,Obersendling,575
Implerstrasse,Olympia Einkaufszentrum,1034
Implerstrasse,Olympiazentrum,797
Implerstrasse,Ostbahnhof,981
Implerstrasse,Pasing,1008
Implerstrasse,Perlach,448
Implerstrasse,Rotkreuzplatz,697
Implerstrasse,Scheidplatz,589
Implerstrasse,Sendlinger Tor,1068
Implerstrasse,Studentenstadt,797
Implerstrasse,Thalkirchen,505
Implerstrasse,Theresienstrasse,1058
Implerstrasse,Trudering,560
Implerstrasse,Universitat,1011
Implerstrasse,Westfriedhof,509
Implerstrasse,Westpark,497
Innsbrucker Ring,Arabellapark,537
Innsbrucker Ring,Bohmerwaldplatz,628
Innsbrucker Ring,Donnersbergerbrucke,1005
Innsbrucker Ring,Feldmoching,937
Innsbrucker Ring,Frankfurter Ring,629
Innsbrucker Ring,Freimann,708
Innsbrucker Ring,Frottmaning,741
Innsbrucker Ring,Furstenried West,706
Innsbrucker Ring,Giesing,938
Innsbrucker Ring,Harras,688
Innsbrucker Ring,Harthof,507
Innsbrucker Ring,Hauptbahnhof,1502
Innsbrucker Ring,Heimeranplatz,646
Innsbrucker Ring,Hohenzollernplatz,672
Innsbrucker Ring,Holzapfelkreuth,993
Innsbrucker Ring,Implerstrasse,938
Innsbrucker Ring,Isartor,627
Innsbrucker Ring,Josephsburg,643
Innsbrucker Ring,Karlsplatz,1396
Innsbrucker Ring,Klinikum Grosshadern,611
Innsbrucker Ring,Kolumbusplatz,597
Innsbrucker Ring,Laim,654
Innsbrucker Ring,Laimer Platz,849
Innsbrucker Ring,Mangfallplatz,712
Innsbrucker Ring,Max-Weber-Platz,687
Innsbrucker Ring,Messestadt Ost,1128
Innsbrucker Ring,Milbertshofen,597
Innsbrucker Ring,Moosach,628
Innsbrucker Ring,Munchner Freiheit,1003
Innsbrucker Ring,Neuperlach Sud,906
Innsbrucker Ring,Neuperlach Zentrum,1259
Innsbrucker Ring,Nordfriedhof,727
Innsbrucker Ring,Obermenzing,692
Innsbrucker Ring,Obersendling,642
Innsbrucker Ring,Olympia Einkaufszentrum,1476
Innsbrucker Ring,Olympiazentrum,1055
Innsbrucker Ring,Ostbahnhof,1310
Innsbrucker Ring,Pasing,1491
Innsbrucker Ring,Perlach,505
Innsbrucker Ring,Rotkreuzplatz,873
Innsbrucker Ring,Scheidplatz,710
Innsbrucker Ring,Sendlinger Tor,1413
Innsbrucker Ring,Studentenstadt,1030
Innsbrucker Ring,Thalkirchen,531
Innsbrucker Ring,Theresienstrasse,1462
Innsbrucker Ring,Trudering,665
Innsbrucker Ring,Universitat,1327
Innsbrucker Ring,Westfriedhof,628
Innsbrucker Ring,Westpark,612
Isartor,Arabellapark,454
Isartor,Bohmerwaldplatz,519
Isartor,Donnersbergerbrucke,673
Isartor,Feldmoching,565
Isartor,Frankfurter Ring,495
Isartor,Freimann,580
Isartor,Frottmaning,522
Isartor,Furstenried West,518
Isartor,Giesing,664
Isartor,Harras,576
Isartor,Harthof,495
Isartor,Hauptbahnhof,829
Isartor,Heimeranplatz,510
Isartor,Hohenzollernplatz,549
Isartor,Holzapfelkreuth,649
Isartor,Implerstrasse,644
Isartor,Innsbrucker Ring,649
Isartor,Josephsburg,569
Isartor,Karlsplatz,832
Isartor,Klinikum Grosshadern,474
Isartor,Kolumbusplatz,469
Isartor,Laim,492
Isartor,Laimer Platz,625
Isartor,Mangfallplatz,581
Isartor,Max-Weber-Platz,567
Isartor,Messestadt Ost,739
Isartor,Milbertshofen,468
Isartor,Moosach,525
Isartor,Munchner Freiheit,648
Isartor,Neuperlach Sud,620
Isartor,Neuperlach Zentrum,800
Isartor,Nordfriedhof,520
Isartor,Obermenzing,585
Isartor,Obersendling,447
Isartor,Olympia Einkaufszentrum,866
Isartor,Olympiazentrum,695
Isartor,Ostbahnhof,734
Isartor,Pasing,870
Isartor,Perlach,492
Isartor,Rotkreuzplatz,603
Isartor,Scheidplatz,540
Isartor,Sendlinger Tor,878
Isartor,Studentenstadt,721
Isartor,Thalkirchen,483
Isartor,Theresienstrasse,849
Isartor,Trudering,533
Isartor,Universitat,780
Isartor,Westfriedhof,472
Isartor,Westpark,491
Josephsburg,Arabellapark,468
Josephsburg,Bohmerwaldplatz,559
Josephsburg,Donnersbergerbrucke,725
Josephsburg,Feldmoching,641
Josephsburg,Frankfurter Ring,518
Josephsburg,Freimann,556
Josephsburg,Frottmaning,561
Josephsburg,Furstenried West,577
Josephsburg,Giesing,716
Josephsburg,Harras,563
Josephsburg,Harthof,509
Josephsburg,Hauptbahnhof,880
Josephsburg,Heimeranplatz,539
Josephsburg,Hohenzollernplatz,594
Josephsburg,Holzapfelkreuth,689
Josephsburg,Implerstrasse,623
Josephsburg,Innsbrucker Ring,690
Josephsburg,Isartor,589
Josephsburg,Karlsplatz,872
Josephsburg,Klinikum Grosshadern,487
Josephsburg,Kolumbusplatz,475
Josephsburg,Laim,546
Josephsburg,Laimer Platz,613
Josephsburg,Mangfallplatz,636
Josephsburg,Max-Weber-Platz,562
Josephsburg,Messestadt Ost,769
Josephsburg,Milbertshofen,494
Josephsburg,Moosach,562
Josephsburg,Munchner Freiheit,697
Josephsburg,Neuperlach Sud,678
Josephsburg,Neuperlach Zentrum,884
Josephsburg,Nordfriedhof,582
Josephsburg,Obermenzing,550
Josephsburg,Obersendling,530
Josephsburg,Olympia Einkaufszentrum,890
Josephsburg,Olympiazentrum,700
Josephsburg,Ostbahnhof,837
Josephsburg,Pasing,877
Josephsburg,Perlach,472
Josephsburg,Rotkreuzplatz,618
Josephsburg,Scheidplatz,558
Josephsburg,Sendlinger Tor,918
Josephsburg,Studentenstadt,683
Josephsburg,Thalkirchen,527
Josephsburg,Theresienstrasse,870
Josephsburg,Trudering,518
Josephsburg,Universitat,784
Josephsburg,Westfriedhof,522
Josephsburg,Westpark,473
Karlsplatz,Arabellapark,335
Karlsplatz,Bohmerwaldplatz,389
Karlsplatz,Donnersbergerbrucke,487
Karlsplatz,Feldmoching,439
Karlsplatz,Frankfurter Ring,384
Karlsplatz,Freimann,391
Karlsplatz,Frottmaning,381
Karlsplatz,Furstenried West,389
Karlsplatz,Giesing,481
Karlsplatz,Harras,425
Karlsplatz,Harthof,367
Karlsplatz,Hauptbahnhof,499
Karlsplatz,Heimeranplatz,355
Karlsplatz,Hohenzollernplatz,409
Karlsplatz,Holzapfelkreuth,476
Karlsplatz,Implerstrasse,431
Karlsplatz,Innsbrucker Ring,420
Karlsplatz,Isartor,405
Karlsplatz,Josephsburg,445
Karlsplatz,Klinikum Grosshadern,358
Karlsplatz,Kolumbusplatz,345
Karlsplatz,Laim,417
Karlsplatz,Laimer Platz,459
Karlsplatz,Mangfallplatz,431
Karlsplatz,Max-Weber-Platz,410
Karlsplatz,Messestadt Ost,494
Karlsplatz,Milbertshofen,334
Karlsplatz,Moosach,379
Karlsplatz,Munchner Freiheit,409
Karlsplatz,Neuperlach Sud,385
Karlsplatz,Neuperlach Zentrum,520
Karlsplatz,Nordfriedhof,434
Karlsplatz,Obermenzing,397
Karlsplatz,Obersendling,382
Karlsplatz,Olympia Einkaufszentrum,569
Karlsplatz,Olympiazentrum,451
Karlsplatz,Ostbahnhof,476
Karlsplatz,Pasing,563
Karlsplatz,Perlach,367
Karlsplatz,Rotkreuzplatz,427
Karlsplatz,Scheidplatz,416
Karlsplatz,Sendlinger Tor,551
Karlsplatz,Studentenstadt,443
Karlsplatz,Thalkirchen,327
Karlsplatz,Theresienstrasse,533
Karlsplatz,Trudering,389
Karlsplatz,Universitat,509
Karlsplatz,Westfriedhof,383
Karlsplatz,Westpark,346
Klinikum Grosshadern,Arabellapark,432
Klinikum Grosshadern,Bohmerwaldplatz,515
Klinikum Grosshadern,Donnersbergerbrucke,671
Klinikum Grosshadern,Feldmoching,635
Klinikum Grosshadern,Frankfurter Ring,491
Klinikum Grosshadern,Freimann,562
Klinikum Grosshadern,Frottmaning,519
Klinikum Grosshadern,Furstenried West,476
Klinikum Grosshadern,Giesing,637
Klinikum Grosshadern,Harras,530
Klinikum Grosshadern,Harthof,471
Klinikum Grosshadern,Hauptbahnhof,852
Klinikum Grosshadern,Heimeranplatz,484
Klinikum Grosshadern,Hohenzollernplatz,555
Klinikum Grosshadern,Holzapfelkreuth,639
Klinikum Grosshadern,Implerstrasse,630
Klinikum Grosshadern,Innsbrucker Ring,701
Klinikum Grosshadern,Isartor,514
Klinikum Grosshadern,Josephsburg,558
Klinikum Grosshadern,Karlsplatz,831
Klinikum Grosshadern,Kolumbusplatz,490
Klinikum Grosshadern,Laim,529
Klinikum Grosshadern,Laimer Platz,585
Klinikum Grosshadern,Mangfallplatz,546
Klinikum Grosshadern,Max-Weber-Platz,535
Klinikum Grosshadern,Messestadt Ost,673
Klinikum Grosshadern,Milbertshofen,473
Klinikum Grosshadern,Moosach,502
Klinikum Grosshadern,Munchner Freiheit,625
Klinikum Grosshadern,Neuperlach Sud,605
Klinikum Grosshadern,Neuperlach Zentrum,813
Klinikum Grosshadern,Nordfriedhof,566
Klinikum Grosshadern,Obermenzing,546
Klinikum Grosshadern,Obersendling,477
Klinikum Grosshadern,Olympia Einkaufszentrum,897
Klinikum Grosshadern,Olympiazentrum,667
Klinikum Grosshadern,Ostbahnhof,777
Klinikum Grosshadern,Pasing,862
Klinikum Grosshadern,Perlach,472
Klinikum Grosshadern,Rotkreuzplatz,626
Klinikum Grosshadern,Scheidplatz,529
Klinikum Grosshadern,Sendlinger Tor,897
Klinikum Grosshadern,Studentenstadt,690
Klinikum Grosshadern,Thalkirchen,496
Klinikum Grosshadern,Theresienstrasse,758
Klinikum Grosshadern,Trudering,514
Klinikum Grosshadern,Universitat,810
Klinikum Grosshadern,Westfriedhof,508
Klinikum Grosshadern,Westpark,442
Kolumbusplatz,Arabellapark,607
Kolumbusplatz,Bohmerwaldplatz,697
Kolumbusplatz,Donnersbergerbrucke,1012
Kolumbusplatz,Feldmoching,878
Kolumbusplatz,Frankfurter Ring,632
Kolumbusplatz,Freimann,678
Kolumbusplatz,Frottmaning,645
Kolumbusplatz,Furstenried West,706
Kolumbusplatz,Giesing,908
Kolumbusplatz,Harras,703
Kolumbusplatz,Harthof,542
Kolumbusplatz,Hauptbahnhof,1311
Kolumbusplatz,Heimeranplatz,607
Kolumbusplatz,Hohenzollernplatz,650
Kolumbusplatz,Holzapfelkreuth,926
Kolumbusplatz,Implerstrasse,851
Kolumbusplatz,Innsbrucker Ring,961
Kolumbusplatz,Isartor,718
Kolumbusplatz,Josephsburg,670
Kolumbusplatz,Karlsplatz,1305
Kolumbusplatz,Klinikum Grosshadern,616
Kolumbusplatz,Laim,631
Kolumbusplatz,Laimer Platz,846
Kolumbusplatz,Mangfallplatz,707
Kolumbusplatz,Max-Weber-Platz,701
Kolumbusplatz,Messestadt Ost,1079
Kolumbusplatz,Milbertshofen,609
Kolumbusplatz,Moosach,636
Kolumbusplatz,Munchner Freiheit,939
Kolumbusplatz,Neuperlach Sud,877
Kolumbusplatz,Neuperlach Zentrum,1230
Kolumbusplatz,Nordfriedhof,686
Kolumbusplatz,Obermenzing,732
Kolumbusplatz,Obersendling,651
Kolumbusplatz,Olympia Einkaufszentrum,1350
Kolumbusplatz,Olympiazentrum,1010
Kolumbusplatz,Ostbahnhof,1258
Kolumbusplatz,Pasing,1407
Kolumbusplatz,Perlach,561
Kolumbusplatz,Rotkreuzplatz,895
Kolumbusplatz,Scheidplatz,735
Kolumbusplatz,Sendlinger Tor,1354
Kolumbusplatz,Studentenstadt,996
Kolumbusplatz,Thalkirchen,617
Kolumbusplatz,Theresienstrasse,1246
Kolumbusplatz,Trudering,645
Kolumbusplatz,Universitat,1289
Kolumbusplatz,Westfriedhof,634
Kolumbusplatz,Westpark,585
Laim,Arabellapark,659
Laim,Bohmerwaldplatz,794
Laim,Donnersbergerbrucke,1266
Laim,Feldmoching,1055
Laim,Frankfurter Ring,713
Laim,Freimann,800
Laim,Frottmaning,791
Laim,Furstenried West,729
Laim,Giesing,1207
Laim,Harras,827
Laim,Harthof,567
Laim,Hauptbahnhof,1814
Laim,Heimeranplatz,644
Laim,Hohenzollernplatz,750
Laim,Holzapfelkreuth,1199
Laim,Implerstrasse,1098
Laim,Innsbrucker Ring,1312
Laim,Isartor,776
Laim,Josephsburg,867
Laim,Karlsplatz,1809
Laim,Klinikum Grosshadern,732
Laim,Kolumbusplatz,700
Laim,Laimer Platz,1027
Laim,Mangfallplatz,856
Laim,Max-Weber-Platz,837
Laim,Messestadt Ost,1461
Laim,Milbertshofen,741
Laim,Moosach,721
Laim,Munchner Freiheit,1275
Laim,Neuperlach Sud,1126
Laim,Neuperlach Zentrum,1653
Laim,Nordfriedhof,888
Laim,Obermenzing,816
Laim,Obersendling,789
Laim,Olympia Einkaufszentrum,1935
Laim,Olympiazentrum,1346
Laim,Ostbahnhof,1624
Laim,Pasing,1885
Laim,Perlach,564
Laim,Rotkreuzplatz,1181
Laim,Scheidplatz,850
Laim,Sendlinger Tor,1914
Laim,Studentenstadt,1171
Laim,Thalkirchen,722
Laim,Theresienstrasse,1804
Laim,Trudering,744
Laim,Universitat,1728
Laim,Westfriedhof,752
Laim,Westpark,726
Laimer Platz,Arabellapark,710
Laimer Platz,Bohmerwaldplatz,721
Laimer Platz,Donnersbergerbrucke,1292
Laimer Platz,Feldmoching,1048
Laimer Platz,Frankfurter Ring,730
Laimer Platz,Freimann,805
Laimer Platz,Frottmaning,780
Laimer Platz,Furstenried West,779
Laimer Platz,Giesing,1122
Laimer Platz,Harras,811
Laimer Platz,Harthof,598
Laimer Platz,Hauptbahnhof,1848
Laimer Platz,Heimeranplatz,703
Laimer Platz,Hohenzollernplatz,778
Laimer Platz,Holzapfelkreuth,1201
Laimer Platz,Implerstrasse,1113
Laimer Platz,Innsbrucker Ring,1245
Laimer Platz,Isartor,744
Laimer Platz,Josephsburg,815
Laimer Platz,Karlsplatz,1834
Laimer Platz,Klinikum Grosshadern,755
Laimer Platz,Kolumbusplatz,675
Laimer Platz,Laim,743
Laimer Platz,Mangfallplatz,753
Laimer Platz,Max-Weber-Platz,805
Laimer Platz,Messestadt Ost,1396
Laimer Platz,Milbertshofen,705
Laimer Platz,Moosach,757
Laimer Platz,Munchner Freiheit,1247
Laimer Platz,Neuperlach Sud,1159
Laimer Platz,Neuperlach Zentrum,1650
Laimer Platz,Nordfriedhof,836
Laimer Platz,Obermenzing,805
Laimer Platz,Obersendling,738
Laimer Platz,Olympia Einkaufszentrum,1808
Laimer Platz,Olympiazentrum,1369
Laimer Platz,Ostbahnhof,1688
Laimer Platz,Pasing,1863
Laimer Platz,Perlach,603
Laimer Platz,Rotkreuzplatz,1147
Laimer Platz,Scheidplatz,840
Laimer Platz,Sendlinger Tor,1828
Laimer Platz,Studentenstadt,1278
Laimer Platz,Thalkirchen,682
Laimer Platz,Theresienstrasse,1765
Laimer Platz,Trudering,760
Laimer Platz,Universitat,1689
Laimer Platz,Westfriedhof,775
Laimer Platz,Westpark,639
Mangfallplatz,Arabellapark,465
Mangfallplatz,Bohmerwaldplatz,527
Mangfallplatz,Donnersbergerbrucke,685
Mangfallplatz,Feldmoching,627
Mangfallplatz,Frankfurter Ring,500
Mangfallplatz,Freimann,587
Mangfallplatz,Frottmaning,549
Mangfallplatz,Furstenried West,549
Mangfallplatz,Giesing,692
Mangfallplatz,Harras,555
Mangfallplatz,Harthof,511
Mangfallplatz,Hauptbahnhof,873
Mangfallplatz,Heimeranplatz,489
Mangfallplatz,Hohenzollernplatz,590
Mangfallplatz,Holzapfelkreuth,638
Mangfallplatz,Implerstrasse,635
Mangfallplatz,Innsbrucker Ring,648
Mangfallplatz,Isartor,523
Mangfallplatz,Josephsburg,559
Mangfallplatz,Karlsplatz,860
Mangfallplatz,Klinikum Grosshadern,481
Mangfallplatz,Kolumbusplatz,486
Mangfallplatz,Laim,509
Mangfallplatz,Laimer Platz,677
Mangfallplatz,Max-Weber-Platz,573
Mangfallplatz,Messestadt Ost,743
Mangfallplatz,Milbertshofen,508
Mangfallplatz,Moosach,507
Mangfallplatz,Munchner Freiheit,699
Mangfallplatz,Neuperlach Sud,663
Mangfallplatz,Neuperlach Zentrum,808
Mangfallplatz,Nordfriedhof,592
Mangfallplatz,Obermenzing,564
Mangfallplatz,Obersendling,533
Mangfallplatz,Olympia Einkaufszentrum,892
Mangfallplatz,Olympiazentrum,698
Mangfallplatz,Ostbahnhof,813
Mangfallplatz,Pasing,973
Mangfallplatz,Perlach,443
Mangfallplatz,Rotkreuzplatz,672
Mangfallplatz,Scheidplatz,518
Mangfallplatz,Sendlinger Tor,907
Mangfallplatz,Studentenstadt,709
Mangfallplatz,Thalkirchen,523
Mangfallplatz,Theresienstrasse,826
Mangfallplatz,Trudering,527
Mangfallplatz,Universitat,813
Mangfallplatz,Westfriedhof,523
Mangfallplatz,Westpark,485
Max-Weber-Platz,Arabellapark,407
Max-Weber-Platz,Bohmerwaldplatz,478
Max-Weber-Platz,Donnersbergerbrucke,600
Max-Weber-Platz,Feldmoching,541
Max-Weber-Platz,Frankfurter Ring,461
Max-Weber-Platz,Freimann,505
Max-Weber-Platz,Frottmaning,462
Max-Weber-Platz,Furstenried West,500
Max-Weber-Platz,Giesing,591
Max-Weber-Platz,Harras,495
Max-Weber-Platz,Harthof,407
Max-Weber-Platz,Hauptbahnhof,749
Max-Weber-Platz,Heimeranplatz,450
Max-Weber-Platz,Hohenzollernplatz,494
Max-Weber-Platz,Holzapfelkreuth,558
Max-Weber-Platz,Implerstrasse,549
Max-Weber-Platz,Innsbrucker Ring,584
Max-Weber-Platz,Isartor,481
Max-Weber-Platz,Josephsburg,520
Max-Weber-Platz,Karlsplatz,702
Max-Weber-Platz,Klinikum Grosshadern,436
Max-Weber-Platz,Kolumbusplatz,461
Max-Weber-Platz,Laim,470
Max-Weber-Platz,Laimer Platz,604
Max-Weber-Platz,Mangfallplatz,498
Max-Weber-Platz,Messestadt Ost,653
Max-Weber-Platz,Milbertshofen,432
Max-Weber-Platz,Moosach,456
Max-Weber-Platz,Munchner Freiheit,615
Max-Weber-Platz,Neuperlach Sud,553
Max-Weber-Platz,Neuperlach Zentrum,687
Max-Weber-Platz,Nordfriedhof,526
Max-Weber-Platz,Obermenzing,499
Max-Weber-Platz,Obersendling,424
Max-Weber-Platz,Olympia Einkaufszentrum,743
Max-Weber-Platz,Olympiazentrum,647
Max-Weber-Platz,Ostbahnhof,744
Max-Weber-Platz,Pasing,806
Max-Weber-Platz,Perlach,431
Max-Weber-Platz,Rotkreuzplatz,602
Max-Weber-Platz,Scheidplatz,539
Max-Weber-Platz,Sendlinger Tor,786
Max-Weber-Platz,Studentenstadt,618
Max-Weber-Platz,Thalkirchen,426
Max-Weber-Platz,Theresienstrasse,793
Max-Weber-Platz,Trudering,478
Max-Weber-Platz,Universitat,708
Max-Weber-Platz,Westfriedhof,456
Max-Weber-Platz,Westpark,401
Messestadt Ost,Arabellapark,568
Messestadt Ost,Bohmerwaldplatz,623
Messestadt Ost,Donnersbergerbrucke,975
Messestadt Ost,Feldmoching,851
Messestadt Ost,Frankfurter Ring,590
Messestadt Ost,Freimann,704
Messestadt Ost,Frottmaning,706
Messestadt Ost,Furstenried West,638
Messestadt Ost,Giesing,909
Messestadt Ost,Harras,678
Messestadt Ost,Harthof,545
Messestadt Ost,Hauptbahnhof,1303
Messestadt Ost,Heimeranplatz,605
Messestadt Ost,Hohenzollernplatz,704
Messestadt Ost,Holzapfelkreuth,929
Messestadt Ost,Implerstrasse,935
Messestadt Ost,Innsbrucker Ring,941
Messestadt Ost,Isartor,674
Messestadt Ost,Josephsburg,684
Messestadt Ost,Karlsplatz,1257
Messestadt Ost,Klinikum Grosshadern,600
Messestadt Ost,Kolumbusplatz,603
Messestadt Ost,Laim,620
Messestadt Ost,Laimer Platz,822
Messestadt Ost,Mangfallplatz,699
Messestadt Ost,Max-Weber-Platz,675
Messestadt Ost,Milbertshofen,608
Messestadt Ost,Moosach,644
Messestadt Ost,Munchner Freiheit,913
Messestadt Ost,Neuperlach Sud,880
Messestadt Ost,Neuperlach Zentrum,1226
Messestadt Ost,Nordfriedhof,692
Messestadt Ost,Obermenzing,620
Messestadt Ost,Obersendling,603
Messestadt Ost,Olympia Einkaufszentrum,1309
Messestadt Ost,Olympiazentrum,1005
Messestadt Ost,Ostbahnhof,1190
Messestadt Ost,Pasing,1325
Messestadt Ost,Perlach,527
Messestadt Ost,Rotkreuzplatz,868
Messestadt Ost,Scheidplatz,727
Messestadt Ost,Sendlinger Tor,1417
Messestadt Ost,Studentenstadt,1022
Messestadt Ost,Thalkirchen,615
Messestadt Ost,Theresienstrasse,1265
Messestadt Ost,Trudering,631
Messestadt Ost,Universitat,1230
Messestadt Ost,Westfriedhof,602
Messestadt Ost,Westpark,592
Milbertshofen,Arabellapark,430
Milbertshofen,Bohmerwaldplatz,451
Milbertshofen,Donnersbergerbrucke,640
Milbertshofen,Feldmoching,512
Milbertshofen,Frankfurter Ring,446
Milbertshofen,Freimann,492
Milbertshofen,Frottmaning,503
Milbertshofen,Furstenried West,473
Milbertshofen,Giesing,570
Milbertshofen,Harras,502
Milbertshofen,Harthof,439
Milbertshofen,Hauptbahnhof,706
Milbertshofen,Heimeranplatz,460
Milbertshofen,Hohenzollernplatz,491
Milbertshofen,Holzapfelkreuth,622
Milbertshofen,Implerstrasse,601
Milbertshofen,Innsbrucker Ring,607
Milbertshofen,Isartor,515
Milbertshofen,Josephsburg,543
Milbertshofen,Karlsplatz,801
Milbertshofen,Klinikum Grosshadern,461
Milbertshofen,Kolumbusplatz,435
Milbertshofen,Laim,489
Milbertshofen,Laimer Platz,550
Milbertshofen,Mangfallplatz,492
Milbertshofen,Max-Weber-Platz,524
Milbertshofen,Messestadt Ost,658
Milbertshofen,Moosach,491
Milbertshofen,Munchner Freiheit,577
Milbertshofen,Neuperlach Sud,565
Milbertshofen,Neuperlach Zentrum,750
Milbertshofen,Nordfriedhof,528
Milbertshofen,Obermenzing,541
Milbertshofen,Obersendling,471
Milbertshofen,Olympia Einkaufszentrum,806
Milbertshofen,Olympiazentrum,645
Milbertshofen,Ostbahnhof,757
Milbertshofen,Pasing,802
Milbertshofen,Perlach,427
Milbertshofen,Rotkreuzplatz,565
Milbertshofen,Scheidplatz,505
Milbertshofen,Sendlinger Tor,803
Milbertshofen,Studentenstadt,617
Milbertshofen,Thalkirchen,408
Milbertshofen,Theresienstrasse,815
Milbertshofen,Trudering,457
Milbertshofen,Universitat,735
Milbertshofen,Westfriedhof,452
Milbertshofen,Westpark,441
Moosach,Arabellapark,647
Moosach,Bohmerwaldplatz,768
Moosach,Donnersbergerbrucke,1161
Moosach,Feldmoching,1004
Moosach,Frankfurter Ring,698
Moosach,Freimann,774
Moosach,Frottmaning,775
Moosach,Furstenried West,681
Moosach,Giesing,1133
Moosach,Harras,750
Moosach,Harthof,567
Moosach,Hauptbahnhof,1683
Moosach,Heimeranplatz,712
Moosach,Hohenzollernplatz,767
Moosach,Holzapfelkreuth,1129
Moosach,Implerstrasse,1022
Moosach,Innsbrucker Ring,1231
Moosach,Isartor,743
Moosach,Josephsburg,798
Moosach,Karlsplatz,1639
Moosach,Klinikum Grosshadern,656
Moosach,Kolumbusplatz,716
Moosach,Laim,726
Moosach,Laimer Platz,986
Moosach,Mangfallplatz,754
Moosach,Max-Weber-Platz,815
Moosach,Messestadt Ost,1413
Moosach,Milbertshofen,644
Moosach,Munchner Freiheit,1144
Moosach,Neuperlach Sud,1028
Moosach,Neuperlach Zentrum,1567
Moosach,Nordfriedhof,816
Moosach,Obermenzing,788
Moosach,Obersendling,758
Moosach,Olympia Einkaufszentrum,1696
Moosach,Olympiazentrum,1269
Moosach,Ostbahnhof,1495
Moosach,Pasing,1739
Moosach,Perlach,552
Moosach,Rotkreuzplatz,1131
Moosach,Scheidplatz,799
Moosach,Sendlinger Tor,1784
Moosach,Studentenstadt,1093
Moosach,Thalkirchen,688
Moosach,Theresienstrasse,1691
Moosach,Trudering,716
Moosach,Universitat,1584
Moosach,Westfriedhof,711
Moosach,Westpark,669
Munchner Freiheit,Arabellapark,618
Munchner Freiheit,Bohmerwaldplatz,730
Munchner Freiheit,Donnersbergerbrucke,1103
Munchner Freiheit,Feldmoching,882
Munchner Freiheit,Frankfurter Ring,672
Munchner Freiheit,Freimann,755
Munchner Freiheit,Frottmaning,778
Munchner Freiheit,Furstenried West,732
Munchner Freiheit,Giesing,1044
Munchner Freiheit,Harras,748
Munchner Freiheit,Harthof,621
Munchner Freiheit,Hauptbahnhof,1549
Munchner Freiheit,Heimeranplatz,686
Munchner Freiheit,Hohenzollernplatz,766
Munchner Freiheit,Holzapfelkreuth,1091
Munchner Freiheit,Implerstrasse,970
Munchner Freiheit,Innsbrucker Ring,1115
Munchner Freiheit,Isartor,806
Munchner Freiheit,Josephsburg,805
Munchner Freiheit,Karlsplatz,1569
Munchner Freiheit,Klinikum Grosshadern,669
Munchner Freiheit,Kolumbusplatz,667
Munchner Freiheit,Laim,738
Munchner Freiheit,Laimer Platz,948
Munchner Freiheit,Mangfallplatz,739
Munchner Freiheit,Max-Weber-Platz,781
Munchner Freiheit,Messestadt Ost,1236
Munchner Freiheit,Milbertshofen,689
Munchner Freiheit,Moosach,699
Munchner Freiheit,Neuperlach Sud,999
Munchner Freiheit,Neuperlach Zentrum,1459
Munchner Freiheit,Nordfriedhof,724
Munchner Freiheit,Obermenzing,719
Munchner Freiheit,Obersendling,707
Munchner Freiheit,Olympia Einkaufszentrum,1594
Munchner Freiheit,Olympiazentrum,1186
Munchner Freiheit,Ostbahnhof,1495
Munchner Freiheit,Pasing,1712
Munchner Freiheit,Perlach,562
Munchner Freiheit,Rotkreuzplatz,1035
Munchner Freiheit,Scheidplatz,790
Munchner Freiheit,Sendlinger Tor,1585
Munchner Freiheit,Studentenstadt,1095
Munchner Freiheit,Thalkirchen,700
Munchner Freiheit,Theresienstrasse,1442
Munchner Freiheit,Trudering,738
Munchner Freiheit,Universitat,1448
Munchner Freiheit,Westfriedhof,689
Munchner Freiheit,Westpark,671
Neuperlach Sud,Arabellapark,506
Neuperlach Sud,Bohmerwaldplatz,548
Neuperlach Sud,Donnersbergerbrucke,805
Neuperlach Sud,Feldmoching,724
Neuperlach Sud,Frankfurter Ring,582
Neuperlach Sud,Freimann,630
Neuperlach Sud,Frottmaning,623
Neuperlach Sud,Furstenried West,564
Neuperlach Sud,Giesing,755
Neuperlach Sud,Harras,656
Neuperlach Sud,Harthof,547
Neuperlach Sud,Hauptbahnhof,1061
Neuperlach Sud,Heimeranplatz,527
Neuperlach Sud,Hohenzollernplatz,620
Neuperlach Sud,Holzapfelkreuth,793
Neuperlach Sud,Implerstrasse,739
Neuperlach Sud,Innsbrucker Ring,842
Neuperlach Sud,Isartor,606
Neuperlach Sud,Josephsburg,615
Neuperlach Sud,Karlsplatz,1048
Neuperlach Sud,Klinikum Grosshadern,519
Neuperlach Sud,Kolumbusplatz,554
Neuperlach Sud,Laim,605
Neuperlach Sud,Laimer Platz,726
Neuperlach Sud,Mangfallplatz,600
Neuperlach Sud,Max-Weber-Platz,625
Neuperlach Sud,Messestadt Ost,911
Neuperlach Sud,Milbertshofen,544
Neuperlach Sud,Moosach,576
Neuperlach Sud,Munchner Freiheit,797
Neuperlach Sud,Neuperlach Zentrum,1011
Neuperlach Sud,Nordfriedhof,647
Neuperlach Sud,Obermenzing,626
Neuperlach Sud,Obersendling,568
Neuperlach Sud,Olympia Einkaufszentrum,1083
Neuperlach Sud,Olympiazentrum,842
Neuperlach Sud,Ostbahnhof,978
Neuperlach Sud,Pasing,1128
Neuperlach Sud,Perlach,468
Neuperlach Sud,Rotkreuzplatz,803
Neuperlach Sud,Scheidplatz,624
Neuperlach Sud,Sendlinger Tor,1121
Neuperlach Sud,Studentenstadt,783
Neuperlach Sud,Thalkirchen,534
Neuperlach Sud,Theresienstrasse,1016
Neuperlach Sud,Trudering,537
Neuperlach Sud,Universitat,993
Neuperlach Sud,Westfriedhof,560
Neuperlach Sud,Westpark,516
Neuperlach Zentrum,Arabellapark,508
Neuperlach Zentrum,Bohmerwaldplatz,589
Neuperlach Zentrum,Donnersbergerbrucke,814
Neuperlach Zentrum,Feldmoching,732
Neuperlach Zentrum,Frankfurter Ring,557
Neuperlach Zentrum,Freimann,637
Neuperlach Zentrum,Frottmaning,597
Neuperlach Zentrum,Furstenried West,572
Neuperlach Zentrum,Giesing,795
Neuperlach Zentrum,Harras,642
Neuperlach Zentrum,Harthof,504
Neuperlach Zentrum,Hauptbahnhof,1134
Neuperlach Zentrum,Heimeranplatz,585
Neuperlach Zentrum,Hohenzollernplatz,647
Neuperlach Zentrum,Holzapfelkreuth,797
Neuperlach Zentrum,Implerstrasse,713
Neuperlach Zentrum,Innsbrucker Ring,824
Neuperlach Zentrum,Isartor,646
Neuperlach Zentrum,Josephsburg,596
Neuperlach Zentrum,Karlsplatz,1094
Neuperlach Zentrum,Klinikum Grosshadern,543
Neuperlach Zentrum,Kolumbusplatz,557
Neuperlach Zentrum,Laim,539
Neuperlach Zentrum,Laimer Platz,705
Neuperlach Zentrum,Mangfallplatz,626
Neuperlach Zentrum,Max-Weber-Platz,602
Neuperlach Zentrum,Messestadt Ost,891
Neuperlach Zentrum,Milbertshofen,547
Neuperlach Zentrum,Moosach,541
Neuperlach Zentrum,Munchner Freiheit,816
Neuperlach Zentrum,Neuperlach Sud,693
Neuperlach Zentrum,Nordfriedhof,632
Neuperlach Zentrum,Obermenzing,604
Neuperlach Zentrum,Obersendling,565
Neuperlach Zentrum,Olympia Einkaufszentrum,1066
Neuperlach Zentrum,Olympiazentrum,886
Neuperlach Zentrum,Ostbahnhof,1041
Neuperlach Zentrum,Pasing,1088
Neuperlach Zentrum,Perlach,500
Neuperlach Zentrum,Rotkreuzplatz,786
Neuperlach Zentrum,Scheidplatz,660
Neuperlach Zentrum,Sendlinger Tor,1139
Neuperlach Zentrum,Studentenstadt,842
Neuperlach Zentrum,Thalkirchen,544
Neuperlach Zentrum,Theresienstrasse,1084
Neuperlach Zentrum,Trudering,551
Neuperlach Zentrum,Universitat,1082
Neuperlach Zentrum,Westfriedhof,581
Neuperlach Zentrum,Westpark,573
Nordfriedhof,Arabellapark,443
Nordfriedhof,Bohmerwaldplatz,504
Nordfriedhof,Donnersbergerbrucke,682
Nordfriedhof,Feldmoching,640
Nordfriedhof,Frankfurter Ring,487
Nordfriedhof,Freimann,549
Nordfriedhof,Frottmaning,533
Nordfriedhof,Furstenried West,508
Nordfriedhof,Giesing,653
Nordfriedhof,Harras,512
Nordfriedhof,Harthof,459
Nordfriedhof,Hauptbahnhof,828
Nordfriedhof,Heimeranplatz,501
Nordfriedhof,Hohenzollernplatz,510
Nordfriedhof,Holzapfelkreuth,657
Nordfriedhof,Implerstrasse,585
Nordfriedhof,Innsbrucker Ring,674
Nordfriedhof,Isartor,522
Nordfriedhof,Josephsburg,589
Nordfriedhof,Karlsplatz,851
Nordfriedhof,Klinikum Grosshadern,482
Nordfriedhof,Kolumbusplatz,489
Nordfriedhof,Laim,498
Nordfriedhof,Laimer Platz,625
Nordfriedhof,Mangfallplatz,561
Nordfriedhof,Max-Weber-Platz,558
Nordfriedhof,Messestadt Ost,729
Nordfriedhof,Milbertshofen,489
Nordfriedhof,Moosach,540
Nordfriedhof,Munchner Freiheit,655
Nordfriedhof,Neuperlach Sud,627
Nordfriedhof,Neuperlach Zentrum,823
Nordfriedhof,Obermenzing,530
Nordfriedhof,Obersendling,486
Nordfriedhof,Olympia Einkaufszentrum,876
Nordfriedhof,Olympiazentrum,650
Nordfriedhof,Ostbahnhof,805
Nordfriedhof,Pasing,880
Nordfriedhof,Perlach,477
Nordfriedhof,Rotkreuzplatz,619
Nordfriedhof,Scheidplatz,563
Nordfriedhof,Sendlinger Tor,910
Nordfriedhof,Studentenstadt,656
Nordfriedhof,Thalkirchen,510
Nordfriedhof,Theresienstrasse,823
Nordfriedhof,Trudering,514
Nordfriedhof,Universitat,746
Nordfriedhof,Westfriedhof,511
Nordfriedhof,Westpark,460
Obermenzing,Arabellapark,666
Obermenzing,Bohmerwaldplatz,734
Obermenzing,Donnersbergerbrucke,1095
Obermenzing,Feldmoching,928
Obermenzing,Frankfurter Ring,624
Obermenzing,Freimann,785
Obermenzing,Frottmaning,696
Obermenzing,Furstenried West,645
Obermenzing,Giesing,991
Obermenzing,Harras,703
Obermenzing,Harthof,545
Obermenzing,Hauptbahnhof,1513
Obermenzing,Heimeranplatz,670
Obermenzing,Hohenzollernplatz,743
Obermenzing,Holzapfelkreuth,997
Obermenzing,Implerstrasse,905
Obermenzing,Innsbrucker Ring,1109
Obermenzing,Isartor,686
Obermenzing,Josephsburg,754
Obermenzing,Karlsplatz,1531
Obermenzing,Klinikum Grosshadern,663
Obermenzing,Kolumbusplatz,610
Obermenzing,Laim,698
Obermenzing,Laimer Platz,885
Obermenzing,Mangfallplatz,752
Obermenzing,Max-Weber-Platz,670
Obermenzing,Messestadt Ost,1260
Obermenzing,Milbertshofen,563
Obermenzing,Moosach,649
Obermenzing,Munchner Freiheit,1097
Obermenzing,Neuperlach Sud,1009
Obermenzing,Neuperlach Zentrum,1447
Obermenzing,Nordfriedhof,694
Obermenzing,Obersendling,707
Obermenzing,Olympia Einkaufszentrum,1477
Obermenzing,Olympiazentrum,1179
Obermenzing,Ostbahnhof,1459
Obermenzing,Pasing,1653
Obermenzing,Perlach,489
Obermenzing,Rotkreuzplatz,1006
Obermenzing,Scheidplatz,795
Obermenzing,Sendlinger Tor,1581
Obermenzing,Studentenstadt,1096
Obermenzing,Thalkirchen,618
Obermenzing,Theresienstrasse,1526
Obermenzing,Trudering,657
Obermenzing,Universitat,1434
Obermenzing,Westfriedhof,666
Obermenzing,Westpark,612
Obersendling,Arabellapark,646
Obersendling,Bohmerwaldplatz,762
Obersendling,Donnersbergerbrucke,1235
Obersendling,Feldmoching,1099
Obersendling,Frankfurter Ring,692
Obersendling,Freimann,826
Obersendling,Frottmaning,729
Obersendling,Furstenried West,781
Obersendling,Giesing,1109
Obersendling,Harras,795
Obersendling,Harthof,548
Obersendling,Hauptbahnhof,1854
Obersendling,Heimeranplatz,696
Obersendling,Hohenzollernplatz,827
Obersendling,Holzapfelkreuth,1170
Obersendling,Implerstrasse,1054
Obersendling,Innsbrucker Ring,1301
Obersendling,Isartor,837
Obersendling,Josephsburg,849
Obersendling,Karlsplatz,1770
Obersendling,Klinikum Grosshadern,716
Obersendling,Kolumbusplatz,699
Obersendling,Laim,729
Obersendling,Laimer Platz,1016
Obersendling,Mangfallplatz,791
Obersendling,Max-Weber-Platz,817
Obersendling,Messestadt Ost,1430
Obersendling,Milbertshofen,712
Obersendling,Moosach,709
Obersendling,Munchner Freiheit,1257
Obersendling,Neuperlach Sud,1090
Obersendling,Neuperlach Zentrum,1672
Obersendling,Nordfriedhof,825
Obersendling,Obermenzing,804
Obersendling,Olympia Einkaufszentrum,1842
Obersendling,Olympiazentrum,1319
Obersendling,Ostbahnhof,1718
Obersendling,Pasing,1797
Obersendling,Perlach,566
Obersendling,Rotkreuzplatz,1169
Obersendling,Scheidplatz,825
Obersendling,Sendlinger Tor,1852
Obersendling,Studentenstadt,1216
Obersendling,Thalkirchen,743
Obersendling,Theresienstrasse,1758
Obersendling,Trudering,758
Obersendling,Universitat,1672
Obersendling,Westfriedhof,704
Obersendling,Westpark,675
Olympia Einkaufszentrum,Arabellapark,505
Olympia Einkaufszentrum,Bohmerwaldplatz,641
Olympia Einkaufszentrum,Donnersbergerbrucke,901
Olympia Einkaufszentrum,Feldmoching,792
Olympia Einkaufszentrum,Frankfurter Ring,556
Olympia Einkaufszentrum,Freimann,643
Olympia Einkaufszentrum,Frottmaning,609
Olympia Einkaufszentrum,Furstenried West,572
Olympia Einkaufszentrum,Giesing,849
Olympia Einkaufszentrum,Harras,610
Olympia Einkaufszentrum,Harthof,499
Olympia Einkaufszentrum,Hauptbahnhof,1233
Olympia Einkaufszentrum,Heimeranplatz,566
Olympia Einkaufszentrum,Hohenzollernplatz,668
Olympia Einkaufszentrum,Holzapfelkreuth,864
Olympia Einkaufszentrum,Implerstrasse,801
Olympia Einkaufszentrum,Innsbrucker Ring,906
Olympia Einkaufszentrum,Isartor,654
Olympia Einkaufszentrum,Josephsburg,612
Olympia Einkaufszentrum,Karlsplatz,1250
Olympia Einkaufszentrum,Klinikum Grosshadern,579
Olympia Einkaufszentrum,Kolumbusplatz,568
Olympia Einkaufszentrum,Laim,614
Olympia Einkaufszentrum,Laimer Platz,701
Olympia Einkaufszentrum,Mangfallplatz,693
Olympia Einkaufszentrum,Max-Weber-Platz,631
Olympia Einkaufszentrum,Messestadt Ost,1042
Olympia Einkaufszentrum,Milbertshofen,565
Olympia Einkaufszentrum,Moosach,611
Olympia Einkaufszentrum,Munchner Freiheit,817
Olympia Einkaufszentrum,Neuperlach Sud,866
Olympia Einkaufszentrum,Neuperlach Zentrum,1175
Olympia Einkaufszentrum,Nordfriedhof,676
Olympia Einkaufszentrum,Obermenzing,640
Olympia Einkaufszentrum,Obersendling,627
Olympia Einkaufszentrum,Olympiazentrum,986
Olympia Einkaufszentrum,Ostbahnhof,1185
Olympia Einkaufszentrum,Pasing,1226
Olympia Einkaufszentrum,Perlach,495
Olympia Einkaufszentrum,Rotkreuzplatz,835
Olympia Einkaufszentrum,Scheidplatz,680
Olympia Einkaufszentrum,Sendlinger Tor,1252
Olympia Einkaufszentrum,Studentenstadt,875
Olympia Einkaufszentrum,Thalkirchen,569
Olympia Einkaufszentrum,Theresienstrasse,1190
Olympia Einkaufszentrum,Trudering,593
Olympia Einkaufszentrum,Universitat,1132
Olympia Einkaufszentrum,Westfriedhof,593
Olympia Einkaufszentrum,Westpark,523
Olympiazentrum,Arabellapark,478
Olympiazentrum,Bohmerwaldplatz,493
Olympiazentrum,Donnersbergerbrucke,714
Olympiazentrum,Feldmoching,621
Olympiazentrum,Frankfurter Ring,501
Olympiazentrum,Freimann,552
Olympiazentrum,Frottmaning,536
Olympiazentrum,Furstenried West,503
Olympiazentrum,Giesing,649
Olympiazentrum,Harras,547
Olympiazentrum,Harthof,471
Olympiazentrum,Hauptbahnhof,848
Olympiazentrum,Heimeranplatz,514
Olympiazentrum,Hohenzollernplatz,554
Olympiazentrum,Holzapfelkreuth,698
Olympiazentrum,Implerstrasse,601
Olympiazentrum,Innsbrucker Ring,675
Olympiazentrum,Isartor,560
Olympiazentrum,Josephsburg,567
Olympiazentrum,Karlsplatz,887
Olympiazentrum,Klinikum Grosshadern,518
Olympiazentrum,Kolumbusplatz,495
Olympiazentrum,Laim,512
Olympiazentrum,Laimer Platz,583
Olympiazentrum,Mangfallplatz,533
Olympiazentrum,Max-Weber-Platz,580
Olympiazentrum,Messestadt Ost,716
Olympiazentrum,Milbertshofen,482
Olympiazentrum,Moosach,498
Olympiazentrum,Munchner Freiheit,674
Olympiazentrum,Neuperlach Sud,645
Olympiazentrum,Neuperlach Zentrum,854
Olympiazentrum,Nordfriedhof,524
Olympiazentrum,Obermenzing,511
Olympiazentrum,Obersendling,474
Olympiazentrum,Olympia Einkaufszentrum,921
Olympiazentrum,Ostbahnhof,776
Olympiazentrum,Pasing,914
Olympiazentrum,Perlach,446
Olympiazentrum,Rotkreuzplatz,643
Olympiazentrum,Scheidplatz,513
Olympiazentrum,Sendlinger Tor,886
Olympiazentrum,Studentenstadt,687
Olympiazentrum,Thalkirchen,499
Olympiazentrum,Theresienstrasse,862
Olympiazentrum,Trudering,482
Olympiazentrum,Universitat,798
Olympiazentrum,Westfriedhof,530
Olympiazentrum,Westpark,442
Ostbahnhof,Arabellapark,583
Ostbahnhof,Bohmerwaldplatz,656
Ostbahnhof,Donnersbergerbrucke,1003
Ostbahnhof,Feldmoching,870
Ostbahnhof,Frankfurter Ring,676
Ostbahnhof,Freimann,724
Ostbahnhof,Frottmaning,707
Ostbahnhof,Furstenried West,659
Ostbahnhof,Giesing,963
Ostbahnhof,Harras,680
Ostbahnhof,Harthof,521
Ostbahnhof,Hauptbahnhof,1498
Ostbahnhof,Heimeranplatz,662
Ostbahnhof,Hohenzollernplatz,677
Ostbahnhof,Holzapfelkreuth,973
Ostbahnhof,Implerstrasse,913
Ostbahnhof,Innsbrucker Ring,1039
Ostbahnhof,Isartor,663
Ostbahnhof,Josephsburg,713
Ostbahnhof,Karlsplatz,1431
Ostbahnhof,Klinikum Grosshadern,608
Ostbahnhof,Kolumbusplatz,620
Ostbahnhof,Laim,649
Ostbahnhof,Laimer Platz,845
Ostbahnhof,Mangfallplatz,740
Ostbahnhof,Max-Weber-Platz,689
Ostbahnhof,Messestadt Ost,1182
Ostbahnhof,Milbertshofen,609
Ostbahnhof,Moosach,678
Ostbahnhof,Munchner Freiheit,995
Ostbahnhof,Neuperlach Sud,908
Ostbahnhof,Neuperlach Zentrum,1336
Ostbahnhof,Nordfriedhof,726
Ostbahnhof,Obermenzing,682
Ostbahnhof,Obersendling,639
Ostbahnhof,Olympia Einkaufszentrum,1449
Ostbahnhof,Olympiazentrum,1031
Ostbahnhof,Pasing,1538
Ostbahnhof,Perlach,553
Ostbahnhof,Rotkreuzplatz,1003
Ostbahnhof,Scheidplatz,733
Ostbahnhof,Sendlinger Tor,1479
Ostbahnhof,Studentenstadt,1028
Ostbahnhof,Thalkirchen,609
Ostbahnhof,Theresienstrasse,1322
Ostbahnhof,Trudering,689
Ostbahnhof,Universitat,1327
Ostbahnhof,Westfriedhof,624
Ostbahnhof,Westpark,614
Pasing,Arabellapark,776
Pasing,Bohmerwaldplatz,916
Pasing,Donnersbergerbrucke,1516
Pasing,Feldmoching,1361
Pasing,Frankfurter Ring,902
Pasing,Freimann,1020
Pasing,Frottmaning,945
Pasing,Furstenried West,913
Pasing,Giesing,1456
Pasing,Harras,957
Pasing,Harthof,660
Pasing,Hauptbahnhof,2341
Pasing,Heimeranplatz,859
Pasing,Hohenzollernplatz,868
Pasing,Holzapfelkreuth,1545
Pasing,Implerstrasse,1345
Pasing,Innsbrucker Ring,1559
Pasing,Isartor,977
Pasing,Josephsburg,969
Pasing,Karlsplatz,2216
Pasing,Klinikum Grosshadern,873
Pasing,Kolumbusplatz,860
Pasing,Laim,893
Pasing,Laimer Platz,1203
Pasing,Mangfallplatz,992
Pasing,Max-Weber-Platz,999
Pasing,Messestadt Ost,1731
Pasing,Milbertshofen,838
Pasing,Moosach,881
Pasing,Munchner Freiheit,1611
Pasing,Neuperlach Sud,1381
Pasing,Neuperlach Zentrum,2037
Pasing,Nordfriedhof,973
Pasing,Obermenzing,988
Pasing,Obersendling,866
Pasing,Olympia Einkaufszentrum,2214
Pasing,Olympiazentrum,1611
Pasing,Ostbahnhof,2144
Pasing,Perlach,697
Pasing,Rotkreuzplatz,1428
Pasing,Scheidplatz,968
Pasing,Sendlinger Tor,2362
Pasing,Studentenstadt,1546
Pasing,Thalkirchen,839
Pasing,Theresienstrasse,2195
Pasing,Trudering,952
Pasing,Universitat,2047
Pasing,Westfriedhof,935
Pasing,Westpark,819
Perlach,Arabellapark,671
Perlach,Bohmerwaldplatz,724
Perlach,Donnersbergerbrucke,1136
Perlach,Feldmoching,1073
Perlach,Frankfurter Ring,726
Perlach,Freimann,831
Perlach,Frottmaning,750
Perlach,Furstenried West,751
Perlach,Giesing,1162
Perlach,Harras,825
Perlach,Harthof,560
Perlach,Hauptbahnhof,1785
Perlach,Heimeranplatz,785
Perlach,Hohenzollernplatz,735
Perlach,Holzapfelkreuth,1161
Perlach,Implerstrasse,1089
Perlach,Innsbrucker Ring,1242
Perlach,Isartor,739
Perlach,Josephsburg,786
Perlach,Karlsplatz,1765
Perlach,Klinikum Grosshadern,726
Perlach,Kolumbusplatz,701
Perlach,Laim,749
Perlach,Laimer Platz,1016
Perlach,Mangfallplatz,809
Perlach,Max-Weber-Platz,752
Perlach,Messestadt Ost,1339
Perlach,Milbertshofen,690
Perlach,Moosach,762
Perlach,Munchner Freiheit,1242
Perlach,Neuperlach Sud,1120
Perlach,Neuperlach Zentrum,1566
Perlach,Nordfriedhof,804
Perlach,Obermenzing,804
Perlach,Obersendling,719
Perlach,Olympia Einkaufszentrum,1757
Perlach,Olympiazentrum,1325
Perlach,Ostbahnhof,1568
Perlach,Pasing,1769
Perlach,Rotkreuzplatz,1109
Perlach,Scheidplatz,783
Perlach,Sendlinger Tor,1784
Perlach,Studentenstadt,1159
Perlach,Thalkirchen,716
Perlach,Theresienstrasse,1657
Perlach,Trudering,767
Perlach,Universitat,1640
Perlach,Westfriedhof,711
Perlach,Westpark,705
Rotkreuzplatz,Arabellapark,492
Rotkreuzplatz,Bohmerwaldplatz,552
Rotkreuzplatz,Donnersbergerbrucke,785
Rotkreuzplatz,Feldmoching,735
Rotkreuzplatz,Frankfurter Ring,590
Rotkreuzplatz,Freimann,615
Rotkreuzplatz,Frottmaning,575
Rotkreuzplatz,Furstenried West,530
Rotkreuzplatz,Giesing,805
Rotkreuzplatz,Harras,601
Rotkreuzplatz,Harthof,485
Rotkreuzplatz,Hauptbahnhof,1144
Rotkreuzplatz,Heimeranplatz,559
Rotkreuzplatz,Hohenzollernplatz,628
Rotkreuzplatz,Holzapfelkreuth,793
Rotkreuzplatz,Implerstrasse,724
Rotkreuzplatz,Innsbrucker Ring,868
Rotkreuzplatz,Isartor,539
Rotkreuzplatz,Josephsburg,625
Rotkreuzplatz,Karlsplatz,1173
Rotkreuzplatz,Klinikum Grosshadern,546
Rotkreuzplatz,Kolumbusplatz,546
Rotkreuzplatz,Laim,561
Rotkreuzplatz,Laimer Platz,737
Rotkreuzplatz,Mangfallplatz,617
Rotkreuzplatz,Max-Weber-Platz,608
Rotkreuzplatz,Messestadt Ost,921
Rotkreuzplatz,Milbertshofen,511
Rotkreuzplatz,Moosach,588
Rotkreuzplatz,Munchner Freiheit,815
Rotkreuzplatz,Neuperlach Sud,845
Rotkreuzplatz,Neuperlach Zentrum,1048
Rotkreuzplatz,Nordfriedhof,609
Rotkreuzplatz,Obermenzing,584
Rotkreuzplatz,Obersendling,556
Rotkreuzplatz,Olympia Einkaufszentrum,1161
Rotkreuzplatz,Olympiazentrum,901
Rotkreuzplatz,Ostbahnhof,1070
Rotkreuzplatz,Pasing,1217
Rotkreuzplatz,Perlach,494
Rotkreuzplatz,Scheidplatz,632
Rotkreuzplatz,Sendlinger Tor,1145
Rotkreuzplatz,Studentenstadt,828
Rotkreuzplatz,Thalkirchen,544
Rotkreuzplatz,Theresienstrasse,1151
Rotkreuzplatz,Trudering,567
Rotkreuzplatz,Universitat,1108
Rotkreuzplatz,Westfriedhof,535
Rotkreuzplatz,Westpark,518
Scheidplatz,Arabellapark,414
Scheidplatz,Bohmerwaldplatz,472
Scheidplatz,Donnersbergerbrucke,600
Scheidplatz,Feldmoching,538
Scheidplatz,Frankfurter Ring,433
Scheidplatz,Freimann,487
Scheidplatz,Frottmaning,464
Scheidplatz,Furstenried West,470
Scheidplatz,Giesing,594
Scheidplatz,Harras,507
Scheidplatz,Harthof,445
Scheidplatz,Hauptbahnhof,750
Scheidplatz,Heimeranplatz,431
Scheidplatz,Hohenzollernplatz,488
Scheidplatz,Holzapfelkreuth,659
Scheidplatz,Implerstrasse,548
Scheidplatz,Innsbrucker Ring,540
Scheidplatz,Isartor,507
Scheidplatz,Josephsburg,501
Scheidplatz,Karlsplatz,734
Scheidplatz,Klinikum Grosshadern,438
Scheidplatz,Kolumbusplatz,431
Scheidplatz,Laim,424
Scheidplatz,Laimer Platz,540
Scheidplatz,Mangfallplatz,471
Scheidplatz,Max-Weber-Platz,492
Scheidplatz,Messestadt Ost,674
Scheidplatz,Milbertshofen,434
Scheidplatz,Moosach,444
Scheidplatz,Munchner Freiheit,570
Scheidplatz,Neuperlach Sud,596
Scheidplatz,Neuperlach Zentrum,707
Scheidplatz,Nordfriedhof,462
Scheidplatz,Obermenzing,485
Scheidplatz,Obersendling,444
Scheidplatz,Olympia Einkaufszentrum,747
Scheidplatz,Olympiazentrum,639
Scheidplatz,Ostbahnhof,699
Scheidplatz,Pasing,771
Scheidplatz,Perlach,430
Scheidplatz,Rotkreuzplatz,512
Scheidplatz,Sendlinger Tor,805
Scheidplatz,Studentenstadt,599
Scheidplatz,Thalkirchen,419
Scheidplatz,Theresienstrasse,755
Scheidplatz,Trudering,446
Scheidplatz,Universitat,719
Scheidplatz,Westfriedhof,456
Scheidplatz,Westpark,463
Sendlinger Tor,Arabellapark,446
Sendlinger Tor,Bohmerwaldplatz,431
Sendlinger Tor,Donnersbergerbrucke,631
Sendlinger Tor,Feldmoching,540
Sendlinger Tor,Frankfurter Ring,429
Sendlinger Tor,Freimann,492
Sendlinger Tor,Frottmaning,471
Sendlinger Tor,Furstenried West,458
Sendlinger Tor,Giesing,581
Sendlinger Tor,Harras,475
Sendlinger Tor,Harthof,420
Sendlinger Tor,Hauptbahnhof,773
Sendlinger Tor,Heimeranplatz,432
Sendlinger Tor,Hohenzollernplatz,458
Sendlinger Tor,Holzapfelkreuth,589
Sendlinger Tor,Implerstrasse,531
Sendlinger Tor,Innsbrucker Ring,593
Sendlinger Tor,Isartor,427
Sendlinger Tor,Josephsburg,485
Sendlinger Tor,Karlsplatz,750
Sendlinger Tor,Klinikum Grosshadern,436
Sendlinger Tor,Kolumbusplatz,409
Sendlinger Tor,Laim,447
Sendlinger Tor,Laimer Platz,538
Sendlinger Tor,Mangfallplatz,472
Sendlinger Tor,Max-Weber-Platz,482
Sendlinger Tor,Messestadt Ost,628
Sendlinger Tor,Milbertshofen,425
Sendlinger Tor,Moosach,421
Sendlinger Tor,Munchner Freiheit,556
Sendlinger Tor,Neuperlach Sud,584
Sendlinger Tor,Neuperlach Zentrum,696
Sendlinger Tor,Nordfriedhof,471
Sendlinger Tor,Obermenzing,486
Sendlinger Tor,Obersendling,451
Sendlinger Tor,Olympia Einkaufszentrum,797
Sendlinger Tor,Olympiazentrum,619
Sendlinger Tor,Ostbahnhof,687
Sendlinger Tor,Pasing,803
Sendlinger Tor,Perlach,408
Sendlinger Tor,Rotkreuzplatz,549
Sendlinger Tor,Scheidplatz,523
Sendlinger Tor,Studentenstadt,578
Sendlinger Tor,Thalkirchen,422
Sendlinger Tor,Theresienstrasse,699
Sendlinger Tor,Trudering,471
Sendlinger Tor,Universitat,720
Sendlinger Tor,Westfriedhof,439
Sendlinger Tor,Westpark,436
Studentenstadt,Arabellapark,614
Studentenstadt,Bohmerwaldplatz,718
Studentenstadt,Donnersbergerbrucke,1166
Studentenstadt,Feldmoching,1098
Studentenstadt,Frankfurter Ring,699
Studentenstadt,Freimann,769
Studentenstadt,Frottmaning,708
Studentenstadt,Furstenried West,716
Studentenstadt,Giesing,1093
Studentenstadt,Harras,808
Studentenstadt,Harthof,558
Studentenstadt,Hauptbahnhof,1791
Studentenstadt,Heimeranplatz,729
Studentenstadt,Hohenzollernplatz,737
Studentenstadt,Holzapfelkreuth,1159
Studentenstadt,Implerstrasse,1087
Studentenstadt,Innsbrucker Ring,1271
Studentenstadt,Isartor,757
Studentenstadt,Josephsburg,786
Studentenstadt,Karlsplatz,1721
Studentenstadt,Klinikum Grosshadern,640
Studentenstadt,Kolumbusplatz,674
Studentenstadt,Laim,676
Studentenstadt,Laimer Platz,978
Studentenstadt,Mangfallplatz,762
Studentenstadt,Max-Weber-Platz,802
Studentenstadt,Messestadt Ost,1315
Studentenstadt,Milbertshofen,655
Studentenstadt,Moosach,723
Studentenstadt,Munchner Freiheit,1149
Studentenstadt,Neuperlach Sud,1076
Studentenstadt,Neuperlach Zentrum,1599
Studentenstadt,Nordfriedhof,833
Studentenstadt,Obermenzing,795
Studentenstadt,Obersendling,689
Studentenstadt,Olympia Einkaufszentrum,1733
Studentenstadt,Olympiazentrum,1324
Studentenstadt,Ostbahnhof,1653
Studentenstadt,Pasing,1765
Studentenstadt,Perlach,537
Studentenstadt,Rotkreuzplatz,1124
Studentenstadt,Scheidplatz,853
Studentenstadt,Sendlinger Tor,1832
Studentenstadt,Thalkirchen,674
Studentenstadt,Theresienstrasse,1732
Studentenstadt,Trudering,699
Studentenstadt,Universitat,1689
Studentenstadt,Westfriedhof,673
Studentenstadt,Westpark,607
Thalkirchen,Arabellapark,404
Thalkirchen,Bohmerwaldplatz,432
Thalkirchen,Donnersbergerbrucke,616
Thalkirchen,Feldmoching,509
Thalkirchen,Frankfurter Ring,412
Thalkirchen,Freimann,458
Thalkirchen,Frottmaning,438
Thalkirchen,Furstenried West,455
Thalkirchen,Giesing,571
Thalkirchen,Harras,522
Thalkirchen,Harthof,380
Thalkirchen,Hauptbahnhof,746
Thalkirchen,Heimeranplatz,441
Thalkirchen,Hohenzollernplatz,485
Thalkirchen,Holzapfelkreuth,558
Thalkirchen,Implerstrasse,544
Thalkirchen,Innsbrucker Ring,630
Thalkirchen,Isartor,432
Thalkirchen,Josephsburg,507
Thalkirchen,Karlsplatz,709
Thalkirchen,Klinikum Grosshadern,448
Thalkirchen,Kolumbusplatz,390
Thalkirchen,Laim,447
Thalkirchen,Laimer Platz,493
Thalkirchen,Mangfallplatz,480
Thalkirchen,Max-Weber-Platz,503
Thalkirchen,Messestadt Ost,638
Thalkirchen,Milbertshofen,414
Thalkirchen,Moosach,474
Thalkirchen,Munchner Freiheit,542
Thalkirchen,Neuperlach Sud,516
Thalkirchen,Neuperlach Zentrum,737
Thalkirchen,Nordfriedhof,486
Thalkirchen,Obermenzing,457
Thalkirchen,Obersendling,441
Thalkirchen,Olympia Einkaufszentrum,742
Thalkirchen,Olympiazentrum,624
Thalkirchen,Ostbahnhof,693
Thalkirchen,Pasing,740
Thalkirchen,Perlach,425
Thalkirchen,Rotkreuzplatz,574
Thalkirchen,Scheidplatz,485
Thalkirchen,Sendlinger Tor,778
Thalkirchen,Studentenstadt,576
Thalkirchen,Theresienstrasse,695
Thalkirchen,Trudering,439
Thalkirchen,Universitat,659
Thalkirchen,Westfriedhof,419
Thalkirchen,Westpark,369
Theresienstrasse,Arabellapark,556
Theresienstrasse,Bohmerwaldplatz,657
Theresienstrasse,Donnersbergerbrucke,938
Theresienstrasse,Feldmoching,814
Theresienstrasse,Frankfurter Ring,583
Theresienstrasse,Freimann,660
Theresienstrasse,Frottmaning,634
Theresienstrasse,Furstenried West,582
Theresienstrasse,Giesing,849
Theresienstrasse,Harras,675
Theresienstrasse,Harthof,499
Theresienstrasse,Hauptbahnhof,1243
Theresienstrasse,Heimeranplatz,609
Theresienstrasse,Hohenzollernplatz,632
Theresienstrasse,Holzapfelkreuth,865
Theresienstrasse,Implerstrasse,778
Theresienstrasse,Innsbrucker Ring,943
Theresienstrasse,Isartor,597
Theresienstrasse,Josephsburg,636
Theresienstrasse,Karlsplatz,1241
Theresienstrasse,Klinikum Grosshadern,538
Theresienstrasse,Kolumbusplatz,550
Theresienstrasse,Laim,605
Theresienstrasse,Laimer Platz,790
Theresienstrasse,Mangfallplatz,616
Theresienstrasse,Max-Weber-Platz,680
Theresienstrasse,Messestadt Ost,1016
Theresienstrasse,Milbertshofen,568
Theresienstrasse,Moosach,568
Theresienstrasse,Munchner Freiheit,888
Theresienstrasse,Neuperlach Sud,776
Theresienstrasse,Neuperlach Zentrum,1120
Theresienstrasse,Nordfriedhof,647
Theresienstrasse,Obermenzing,651
Theresienstrasse,Obersendling,573
Theresienstrasse,Olympia Einkaufszentrum,1240
Theresienstrasse,Olympiazentrum,941
Theresienstrasse,Ostbahnhof,1169
Theresienstrasse,Pasing,1291
Theresienstrasse,Perlach,504
Theresienstrasse,Rotkreuzplatz,841
Theresienstrasse,Scheidplatz,645
Theresienstrasse,Sendlinger Tor,1270
Theresienstrasse,Studentenstadt,882
Theresienstrasse,Thalkirchen,576
Theresienstrasse,Trudering,582
Theresienstrasse,Universitat,1183
Theresienstrasse,Westfriedhof,615
Theresienstrasse,Westpark,541
Trudering,Arabellapark,623
Trudering,Bohmerwaldplatz,759
Trudering,Donnersbergerbrucke,1067
Trudering,Feldmoching,868
Trudering,Frankfurter Ring,639
Trudering,Freimann,746
Trudering,Frottmaning,688
Trudering,Furstenried West,675
Trudering,Giesing,1019
Trudering,Harras,733
Trudering,Harthof,558
Trudering,Hauptbahnhof,1439
Trudering,Heimeranplatz,641
Trudering,Hohenzollernplatz,747
Trudering,Holzapfelkreuth,1113
Trudering,Implerstrasse,920
Trudering,Innsbrucker Ring,1093
Trudering,Isartor,689
Trudering,Josephsburg,719
Trudering,Karlsplatz,1489
Trudering,Klinikum Grosshadern,669
Trudering,Kolumbusplatz,618
Trudering,Laim,676
Trudering,Laimer Platz,912
Trudering,Mangfallplatz,745
Trudering,Max-Weber-Platz,740
Trudering,Messestadt Ost,1158
Trudering,Milbertshofen,559
Trudering,Moosach,653
Trudering,Munchner Freiheit,1061
Trudering,Neuperlach Sud,935
Trudering,Neuperlach Zentrum,1363
Trudering,Nordfriedhof,778
Trudering,Obermenzing,779
Trudering,Obersendling,639
Trudering,Olympia Einkaufszentrum,1516
Trudering,Olympiazentrum,1149
Trudering,Ostbahnhof,1338
Trudering,Pasing,1509
Trudering,Perlach,575
Trudering,Rotkreuzplatz,1021
Trudering,Scheidplatz,747
Trudering,Sendlinger Tor,1504
Trudering,Studentenstadt,1044
Trudering,Thalkirchen,652
Trudering,Theresienstrasse,1464
Trudering,Universitat,1427
Trudering,Westfriedhof,699
Trudering,Westpark,628
Universitat,Arabellapark,459
Universitat,Bohmerwaldplatz,549
Universitat,Donnersbergerbrucke,697
Universitat,Feldmoching,628
Universitat,Frankfurter Ring,492
Universitat,Freimann,533
Universitat,Frottmaning,531
Universitat,Furstenried West,525
Universitat,Giesing,645
Universitat,Harras,545
Universitat,Harthof,459
Universitat,Hauptbahnhof,868
Universitat,Heimeranplatz,499
Universitat,Hohenzollernplatz,557
Universitat,Holzapfelkreuth,677
Universitat,Implerstrasse,602
Universitat,Innsbrucker Ring,666
Universitat,Isartor,549
Universitat,Josephsburg,555
Universitat,Karlsplatz,850
Universitat,Klinikum Grosshadern,459
Universitat,Kolumbusplatz,468
Universitat,Laim,492
Universitat,Laimer Platz,645
Universitat,Mangfallplatz,544
Universitat,Max-Weber-Platz,528
Universitat,Messestadt Ost,722
Universitat,Milbertshofen,471
Universitat,Moosach,513
Universitat,Munchner Freiheit,662
Universitat,Neuperlach Sud,669
Universitat,Neuperlach Zentrum,813
Universitat,Nordfriedhof,552
Universitat,Obermenzing,545
Universitat,Obersendling,511
Universitat,Olympia Einkaufszentrum,830
Universitat,Olympiazentrum,722
Universitat,Ostbahnhof,775
Universitat,Pasing,866
Universitat,Perlach,434
Universitat,Rotkreuzplatz,688
Universitat,Scheidplatz,573
Universitat,Sendlinger Tor,899
Universitat,Studentenstadt,669
Universitat,Thalkirchen,519
Universitat,Theresienstrasse,865
Universitat,Trudering,501
Universitat,Westfriedhof,553
Universitat,Westpark,460
Westfriedhof,Arabellapark,468
Westfriedhof,Bohmerwaldplatz,591
Westfriedhof,Donnersbergerbrucke,721
Westfriedhof,Feldmoching,612
Westfriedhof,Frankfurter Ring,545
Westfriedhof,Freimann,609
Westfriedhof,Frottmaning,556
Westfriedhof,Furstenried West,553
Westfriedhof,Giesing,670
Westfriedhof,Harras,590
Westfriedhof,Harthof,471
Westfriedhof,Hauptbahnhof,859
Westfriedhof,Heimeranplatz,538
Westfriedhof,Hohenzollernplatz,534
Westfriedhof,Holzapfelkreuth,680
Westfriedhof,Implerstrasse,623
Westfriedhof,Innsbrucker Ring,640
Westfriedhof,Isartor,546
Westfriedhof,Josephsburg,567
Westfriedhof,Karlsplatz,848
Westfriedhof,Klinikum Grosshadern,438
Westfriedhof,Kolumbusplatz,505
Westfriedhof,Laim,506
Westfriedhof,Laimer Platz,620
Westfriedhof,Mangfallplatz,571
Westfriedhof,Max-Weber-Platz,574
Westfriedhof,Messestadt Ost,756
Westfriedhof,Milbertshofen,467
Westfriedhof,Moosach,524
Westfriedhof,Munchner Freiheit,676
Westfriedhof,Neuperlach Sud,634
Westfriedhof,Neuperlach Zentrum,860
Westfriedhof,Nordfriedhof,584
Westfriedhof,Obermenzing,591
Westfriedhof,Obersendling,519
Westfriedhof,Olympia Einkaufszentrum,861
Westfriedhof,Olympiazentrum,708
Westfriedhof,Ostbahnhof,840
Westfriedhof,Pasing,888
Westfriedhof,Perlach,475
Westfriedhof,Rotkreuzplatz,673
Westfriedhof,Scheidplatz,551
Westfriedhof,Sendlinger Tor,930
Westfriedhof,Studentenstadt,694
Westfriedhof,Thalkirchen,496
Westfriedhof,Theresienstrasse,862
Westfriedhof,Trudering,541
Westfriedhof,Universitat,797
Westfriedhof,Westpark,504
Westpark,Arabellapark,396
Westpark,Bohmerwaldplatz,482
Westpark,Donnersbergerbrucke,619
Westpark,Feldmoching,553
Westpark,Frankfurter Ring,445
Westpark,Freimann,513
Westpark,Frottmaning,503
Westpark,Furstenried West,464
Westpark,Giesing,600
Westpark,Harras,529
Westpark,Harthof,405
Westpark,Hauptbahnhof,794
Westpark,Heimeranplatz,470
Westpark,Hohenzollernplatz,509
Westpark,Holzapfelkreuth,601
Westpark,Implerstrasse,539
Westpark,Innsbrucker Ring,572
Westpark,Isartor,489
Westpark,Josephsburg,486
Westpark,Karlsplatz,782
Westpark,Klinikum Grosshadern,444
Westpark,Kolumbusplatz,417
Westpark,Laim,485
Westpark,Laimer Platz,521
Westpark,Mangfallplatz,465
Westpark,Max-Weber-Platz,497
Westpark,Messestadt Ost,651
Westpark,Milbertshofen,425
Westpark,Moosach,475
Westpark,Munchner Freiheit,529
Westpark,Neuperlach Sud,552
Westpark,Neuperlach Zentrum,694
Westpark,Nordfriedhof,518
Westpark,Obermenzing,480
Westpark,Obersendling,452
Westpark,Olympia Einkaufszentrum,759
Westpark,Olympiazentrum,631
Westpark,Ostbahnhof,722
Westpark,Pasing,816
Westpark,Perlach,428
Westpark,Rotkreuzplatz,585
Westpark,Scheidplatz,508
Westpark,Sendlinger Tor,807
Westpark,Studentenstadt,607
Westpark,Thalkirchen,389
Westpark,Theresienstrasse,744
Westpark,Trudering,426
Westpark,Universitat,724
Westpark,Westfriedhof,473
